drop table authorities if exists
create table authorities(username varchar (255), authority varchar (255))
drop table users if exists
create table users (username varchar (255), password varchar (255), enabled boolean)

insert into Hotel (id, price, name, address, city, state, zip, country) values (1, 199, 'Westin Diplomat', '3555 S. Ocean Drive', 'Hollywood', 'FL', '33019', 'USA')
insert into Hotel (id, price, name, address, city, state, zip, country) values (2, 60, 'Jameson Inn', '890 Palm Bay Rd NE', 'Palm Bay', 'FL', '32905', 'USA')
insert into Hotel (id, price, name, address, city, state, zip, country) values (3, 199, 'Chilworth Manor', 'The Cottage, Southampton Business Park', 'Southampton', 'Hants', 'SO16 7JF', 'UK')
insert into Hotel (id, price, name, address, city, state, zip, country) values (4, 120, 'Marriott Courtyard', 'Tower Place, Buckhead', 'Atlanta', 'GA', '30305', 'USA')
insert into Hotel (id, price, name, address, city, state, zip, country) values (5, 180, 'Doubletree', 'Tower Place, Buckhead', 'Atlanta', 'GA', '30305', 'USA')
insert into Hotel (id, price, name, address, city, state, zip, country) values (6, 450, 'W Hotel', 'Union Square, Manhattan', 'NY', 'NY', '10011', 'USA')
insert into Hotel (id, price, name, address, city, state, zip, country) values (7, 450, 'W Hotel', 'Lexington Ave, Manhattan', 'NY', 'NY', '10011', 'USA')
insert into Hotel (id, price, name, address, city, state, zip, country) values (8, 250, 'Hotel Rouge', '1315 16th Street NW', 'Washington', 'DC', '20036', 'USA')
insert into Hotel (id, price, name, address, city, state, zip, country) values (9, 300, '70 Park Avenue Hotel', '70 Park Avenue', 'NY', 'NY', '10011', 'USA')
insert into Hotel (id, price, name, address, city, state, zip, country) values (10, 300, 'Conrad Miami', '1395 Brickell Ave', 'Miami', 'FL', '33131', 'USA')
insert into Hotel (id, price, name, address, city, state, zip, country) values (11, 80, 'Sea Horse Inn', '2106 N Clairemont Ave', 'Eau Claire', 'WI', '54703', 'USA')
insert into Hotel (id, price, name, address, city, state, zip, country) values (12, 90, 'Super 8 Eau Claire Campus Area', '1151 W Macarthur Ave', 'Eau Claire', 'WI', '54701', 'USA')
insert into Hotel (id, price, name, address, city, state, zip, country) values (13, 160, 'Marriot Downtown', '55 Fourth Street', 'San Francisco', 'CA', '94103', 'USA')
insert into Hotel (id, price, name, address, city, state, zip, country) values (14, 200, 'Hilton Diagonal Mar', 'Passeig del Taulat 262-264', 'Barcelona', 'Catalunya', '08019', 'Spain')
insert into Hotel (id, price, name, address, city, state, zip, country) values (15, 210, 'Hilton Tel Aviv', 'Independence Park', 'Tel Aviv', '', '63405', 'Israel')
insert into Hotel (id, price, name, address, city, state, zip, country) values (16, 240, 'InterContinental Tokyo Bay', 'Takeshiba Pier', 'Tokyo', '', '105', 'Japan')
insert into Hotel (id, price, name, address, city, state, zip, country) values (17, 130, 'Hotel Beaulac', ' Esplanade Leopold-Robert 2', 'Neuchatel', '', '2000', 'Switzerland')
insert into Hotel (id, price, name, address, city, state, zip, country) values (18, 140, 'Conrad Treasury Place', 'William & George Streets', 'Brisbane', 'QLD', '4001', 'Australia')
insert into Hotel (id, price, name, address, city, state, zip, country) values (19, 230, 'Ritz Carlton', '1228 Sherbrooke St', 'West Montreal', 'Quebec', 'H3G1H6', 'Canada')
insert into Hotel (id, price, name, address, city, state, zip, country) values (20, 460, 'Ritz Carlton', 'Peachtree Rd, Buckhead', 'Atlanta', 'GA', '30326', 'USA')
insert into Hotel (id, price, name, address, city, state, zip, country) values (21, 220, 'Swissotel', '68 Market Street', 'Sydney', 'NSW', '2000', 'Australia')
insert into Hotel (id, price, name, address, city, state, zip, country) values (22, 250, 'Melia White House', 'Albany Street', 'Regents Park London', '', 'NW13UP', 'Great Britain')
insert into Hotel (id, price, name, address, city, state, zip, country) values (23, 210, 'Hotel Allegro', '171 West Randolph Street', 'Chicago', 'IL', '60601', 'USA')

insert into users (username, password, enabled) values ('keith', '417c7382b16c395bc25b5da1398cf076', true)
insert into authorities (username, authority) values ('keith', 'ROLE_USER')
insert into Customer (username, first, last, email) values ('keith', 'Keith', 'Donald', 'kdonald@springtravel.com')
insert into users (username, password, enabled) values ('erwin', '12430911a8af075c6f41c6976af22b09', true)
insert into authorities (username, authority) values ('erwin', 'ROLE_USER')
insert into Customer (username, first, last, email) values ('erwin', 'Erwin', 'Vervaet', 'evervaet@springtravel.com')
insert into users (username, password, enabled) values ('jeremy', '57c6cbff0d421449be820763f03139eb', true)
insert into authorities (username, authority) values ('jeremy', 'ROLE_USER')
insert into Customer (username, first, last, email) values ('jeremy', 'Jeremy', 'Grelle', 'jgrelle@springtravel.com')
insert into users (username, password, enabled) values ('scott', '942f2339bf50796de535a384f0d1af3e', true)
insert into authorities (username, authority) values ('scott', 'ROLE_USER')
insert into Customer (username, first, last, email) values ('scott', 'Scott', 'Andrews', 'sandrews@springtravel.com')

insert into users (username, password, enabled) values ('user-1', '8d8f2628cfce1853efc0d027be4f6ce4', true)
insert into authorities (username, authority) values ('user-1', 'ROLE_USER')
insert into Customer (username, first, last, email) values ('user-1', 'first-name-1', 'last-name-1', 'first-name-1.last-name-1@springtravel.com')
insert into users (username, password, enabled) values ('user-2', '67b942f3e524ec767aa11e247ac01036', true)
insert into authorities (username, authority) values ('user-2', 'ROLE_USER')
insert into Customer (username, first, last, email) values ('user-2', 'first-name-2', 'last-name-2', 'first-name-2.last-name-2@springtravel.com')
insert into users (username, password, enabled) values ('user-3', '4aee0e4712257a91f834006fccf16394', true)
insert into authorities (username, authority) values ('user-3', 'ROLE_USER')
insert into Customer (username, first, last, email) values ('user-3', 'first-name-3', 'last-name-3', 'first-name-3.last-name-3@springtravel.com')
insert into users (username, password, enabled) values ('user-4', '19fba5a514718a1ff009945297c65ffb', true)
insert into authorities (username, authority) values ('user-4', 'ROLE_USER')
insert into Customer (username, first, last, email) values ('user-4', 'first-name-4', 'last-name-4', 'first-name-4.last-name-4@springtravel.com')
insert into users (username, password, enabled) values ('user-5', '69a966c10c28bc4a1f54939c72aeaa69', true)
insert into authorities (username, authority) values ('user-5', 'ROLE_USER')
insert into Customer (username, first, last, email) values ('user-5', 'first-name-5', 'last-name-5', 'first-name-5.last-name-5@springtravel.com')
insert into users (username, password, enabled) values ('user-6', '4a2be5b9451851ded1bb67742ed13d89', true)
insert into authorities (username, authority) values ('user-6', 'ROLE_USER')
insert into Customer (username, first, last, email) values ('user-6', 'first-name-6', 'last-name-6', 'first-name-6.last-name-6@springtravel.com')
insert into users (username, password, enabled) values ('user-7', 'fd12c1f606f0788527c8978f581daf06', true)
insert into authorities (username, authority) values ('user-7', 'ROLE_USER')
insert into Customer (username, first, last, email) values ('user-7', 'first-name-7', 'last-name-7', 'first-name-7.last-name-7@springtravel.com')
insert into users (username, password, enabled) values ('user-8', '75c7fb4128b7196adbfdd1f0b5479588', true)
insert into authorities (username, authority) values ('user-8', 'ROLE_USER')
insert into Customer (username, first, last, email) values ('user-8', 'first-name-8', 'last-name-8', 'first-name-8.last-name-8@springtravel.com')
insert into users (username, password, enabled) values ('user-9', 'f997e3870ec95d3e2546a13354b09c34', true)
insert into authorities (username, authority) values ('user-9', 'ROLE_USER')
insert into Customer (username, first, last, email) values ('user-9', 'first-name-9', 'last-name-9', 'first-name-9.last-name-9@springtravel.com')
insert into users (username, password, enabled) values ('user-10', '48fc92a7229aa42dcf2c5ed3de1778ce', true)
insert into authorities (username, authority) values ('user-10', 'ROLE_USER')
insert into Customer (username, first, last, email) values ('user-10', 'first-name-10', 'last-name-10', 'first-name-10.last-name-10@springtravel.com')
insert into users (username, password, enabled) values ('user-11', '5bd65b7e1862715735ed2487dddf3f9f', true)
insert into authorities (username, authority) values ('user-11', 'ROLE_USER')
insert into Customer (username, first, last, email) values ('user-11', 'first-name-11', 'last-name-11', 'first-name-11.last-name-11@springtravel.com')
insert into users (username, password, enabled) values ('user-12', 'c6f8d53503f9b08a789b0678371d760b', true)
insert into authorities (username, authority) values ('user-12', 'ROLE_USER')
insert into Customer (username, first, last, email) values ('user-12', 'first-name-12', 'last-name-12', 'first-name-12.last-name-12@springtravel.com')
insert into users (username, password, enabled) values ('user-13', '68bb6a6fd273d618c0f1fc7c4b2c94ad', true)
insert into authorities (username, authority) values ('user-13', 'ROLE_USER')
insert into Customer (username, first, last, email) values ('user-13', 'first-name-13', 'last-name-13', 'first-name-13.last-name-13@springtravel.com')
insert into users (username, password, enabled) values ('user-14', '6ebfde36fbae46885b10f51df32d15fb', true)
insert into authorities (username, authority) values ('user-14', 'ROLE_USER')
insert into Customer (username, first, last, email) values ('user-14', 'first-name-14', 'last-name-14', 'first-name-14.last-name-14@springtravel.com')
insert into users (username, password, enabled) values ('user-15', '57309ae6b34d3ed23d8055d47d1642a5', true)
insert into authorities (username, authority) values ('user-15', 'ROLE_USER')
insert into Customer (username, first, last, email) values ('user-15', 'first-name-15', 'last-name-15', 'first-name-15.last-name-15@springtravel.com')
insert into users (username, password, enabled) values ('user-16', 'dd8e70546396cdd514822f46493a1bc8', true)
insert into authorities (username, authority) values ('user-16', 'ROLE_USER')
insert into Customer (username, first, last, email) values ('user-16', 'first-name-16', 'last-name-16', 'first-name-16.last-name-16@springtravel.com')
insert into users (username, password, enabled) values ('user-17', '63fb51e76fa098623ddc0c861784d6a0', true)
insert into authorities (username, authority) values ('user-17', 'ROLE_USER')
insert into Customer (username, first, last, email) values ('user-17', 'first-name-17', 'last-name-17', 'first-name-17.last-name-17@springtravel.com')
insert into users (username, password, enabled) values ('user-18', '2f2055a4ca4432032fee73a5a4f35b60', true)
insert into authorities (username, authority) values ('user-18', 'ROLE_USER')
insert into Customer (username, first, last, email) values ('user-18', 'first-name-18', 'last-name-18', 'first-name-18.last-name-18@springtravel.com')
insert into users (username, password, enabled) values ('user-19', 'c6537f17d1b2321788efdb578b2d7cf7', true)
insert into authorities (username, authority) values ('user-19', 'ROLE_USER')
insert into Customer (username, first, last, email) values ('user-19', 'first-name-19', 'last-name-19', 'first-name-19.last-name-19@springtravel.com')
insert into users (username, password, enabled) values ('user-20', '0d731304b8130b4882bf325c70b85523', true)
insert into authorities (username, authority) values ('user-20', 'ROLE_USER')
insert into Customer (username, first, last, email) values ('user-20', 'first-name-20', 'last-name-20', 'first-name-20.last-name-20@springtravel.com')
insert into users (username, password, enabled) values ('user-21', 'e42ef13f877314b57fb700db88945179', true)
insert into authorities (username, authority) values ('user-21', 'ROLE_USER')
insert into Customer (username, first, last, email) values ('user-21', 'first-name-21', 'last-name-21', 'first-name-21.last-name-21@springtravel.com')
insert into users (username, password, enabled) values ('user-22', '3856c3e994c62bae3f1d7a9f3aba9ee0', true)
insert into authorities (username, authority) values ('user-22', 'ROLE_USER')
insert into Customer (username, first, last, email) values ('user-22', 'first-name-22', 'last-name-22', 'first-name-22.last-name-22@springtravel.com')
insert into users (username, password, enabled) values ('user-23', '6ec5d27929a8b624b235eaa62e146ed6', true)
insert into authorities (username, authority) values ('user-23', 'ROLE_USER')
insert into Customer (username, first, last, email) values ('user-23', 'first-name-23', 'last-name-23', 'first-name-23.last-name-23@springtravel.com')
insert into users (username, password, enabled) values ('user-24', 'c068f746b5b4d38e8b9d6f232e4693a4', true)
insert into authorities (username, authority) values ('user-24', 'ROLE_USER')
insert into Customer (username, first, last, email) values ('user-24', 'first-name-24', 'last-name-24', 'first-name-24.last-name-24@springtravel.com')
insert into users (username, password, enabled) values ('user-25', '70e10aaf2e983567da565b874e6d51c6', true)
insert into authorities (username, authority) values ('user-25', 'ROLE_USER')
insert into Customer (username, first, last, email) values ('user-25', 'first-name-25', 'last-name-25', 'first-name-25.last-name-25@springtravel.com')
insert into users (username, password, enabled) values ('user-26', '0cb57fe58fb454c5368d25ad38fdd860', true)
insert into authorities (username, authority) values ('user-26', 'ROLE_USER')
insert into Customer (username, first, last, email) values ('user-26', 'first-name-26', 'last-name-26', 'first-name-26.last-name-26@springtravel.com')
insert into users (username, password, enabled) values ('user-27', '4f33ff1102dd1d2c3786bb866cb2fb7b', true)
insert into authorities (username, authority) values ('user-27', 'ROLE_USER')
insert into Customer (username, first, last, email) values ('user-27', 'first-name-27', 'last-name-27', 'first-name-27.last-name-27@springtravel.com')
insert into users (username, password, enabled) values ('user-28', '8be0b18ce883de393c215a57b02a6f33', true)
insert into authorities (username, authority) values ('user-28', 'ROLE_USER')
insert into Customer (username, first, last, email) values ('user-28', 'first-name-28', 'last-name-28', 'first-name-28.last-name-28@springtravel.com')
insert into users (username, password, enabled) values ('user-29', '425619f0483a2eb431355d6778a0004d', true)
insert into authorities (username, authority) values ('user-29', 'ROLE_USER')
insert into Customer (username, first, last, email) values ('user-29', 'first-name-29', 'last-name-29', 'first-name-29.last-name-29@springtravel.com')
insert into users (username, password, enabled) values ('user-30', '6b13ca670d3a102d4333dce23ce6a3ae', true)
insert into authorities (username, authority) values ('user-30', 'ROLE_USER')
insert into Customer (username, first, last, email) values ('user-30', 'first-name-30', 'last-name-30', 'first-name-30.last-name-30@springtravel.com')
insert into users (username, password, enabled) values ('user-31', '05fa3d027b02011b242eadc3663d2e45', true)
insert into authorities (username, authority) values ('user-31', 'ROLE_USER')
insert into Customer (username, first, last, email) values ('user-31', 'first-name-31', 'last-name-31', 'first-name-31.last-name-31@springtravel.com')
insert into users (username, password, enabled) values ('user-32', '84b672f0e28231b510ec620dff55ab82', true)
insert into authorities (username, authority) values ('user-32', 'ROLE_USER')
insert into Customer (username, first, last, email) values ('user-32', 'first-name-32', 'last-name-32', 'first-name-32.last-name-32@springtravel.com')
insert into users (username, password, enabled) values ('user-33', 'd65e688af3ec972950c5f9b67f5afaf8', true)
insert into authorities (username, authority) values ('user-33', 'ROLE_USER')
insert into Customer (username, first, last, email) values ('user-33', 'first-name-33', 'last-name-33', 'first-name-33.last-name-33@springtravel.com')
insert into users (username, password, enabled) values ('user-34', 'f1c04f3a230b9e6858fa471a3b75ff70', true)
insert into authorities (username, authority) values ('user-34', 'ROLE_USER')
insert into Customer (username, first, last, email) values ('user-34', 'first-name-34', 'last-name-34', 'first-name-34.last-name-34@springtravel.com')
insert into users (username, password, enabled) values ('user-35', '04484aba657b4e36ebfa789133fc4471', true)
insert into authorities (username, authority) values ('user-35', 'ROLE_USER')
insert into Customer (username, first, last, email) values ('user-35', 'first-name-35', 'last-name-35', 'first-name-35.last-name-35@springtravel.com')
insert into users (username, password, enabled) values ('user-36', 'f0f61ee15ee1c9487aaf93aeae2dbf02', true)
insert into authorities (username, authority) values ('user-36', 'ROLE_USER')
insert into Customer (username, first, last, email) values ('user-36', 'first-name-36', 'last-name-36', 'first-name-36.last-name-36@springtravel.com')
insert into users (username, password, enabled) values ('user-37', '15d875465e4c26a3e77cb672ffb05af6', true)
insert into authorities (username, authority) values ('user-37', 'ROLE_USER')
insert into Customer (username, first, last, email) values ('user-37', 'first-name-37', 'last-name-37', 'first-name-37.last-name-37@springtravel.com')
insert into users (username, password, enabled) values ('user-38', '2ee10dda5c914b5a051f5245f3846b13', true)
insert into authorities (username, authority) values ('user-38', 'ROLE_USER')
insert into Customer (username, first, last, email) values ('user-38', 'first-name-38', 'last-name-38', 'first-name-38.last-name-38@springtravel.com')
insert into users (username, password, enabled) values ('user-39', '81ed590971abec52f7468cf0325ac013', true)
insert into authorities (username, authority) values ('user-39', 'ROLE_USER')
insert into Customer (username, first, last, email) values ('user-39', 'first-name-39', 'last-name-39', 'first-name-39.last-name-39@springtravel.com')
insert into users (username, password, enabled) values ('user-40', '4d2824254d9bdf2370ff69af0dce37a7', true)
insert into authorities (username, authority) values ('user-40', 'ROLE_USER')
insert into Customer (username, first, last, email) values ('user-40', 'first-name-40', 'last-name-40', 'first-name-40.last-name-40@springtravel.com')
insert into users (username, password, enabled) values ('user-41', '8d0e590b4ba3713d50632de9ac786adb', true)
insert into authorities (username, authority) values ('user-41', 'ROLE_USER')
insert into Customer (username, first, last, email) values ('user-41', 'first-name-41', 'last-name-41', 'first-name-41.last-name-41@springtravel.com')
insert into users (username, password, enabled) values ('user-42', '4a4d4e27c0bc7cae5b4901fd862e3218', true)
insert into authorities (username, authority) values ('user-42', 'ROLE_USER')
insert into Customer (username, first, last, email) values ('user-42', 'first-name-42', 'last-name-42', 'first-name-42.last-name-42@springtravel.com')
insert into users (username, password, enabled) values ('user-43', '111b69e8e029abbd6257fd4c54b69aa9', true)
insert into authorities (username, authority) values ('user-43', 'ROLE_USER')
insert into Customer (username, first, last, email) values ('user-43', 'first-name-43', 'last-name-43', 'first-name-43.last-name-43@springtravel.com')
insert into users (username, password, enabled) values ('user-44', '739b732e62a639fd001c52632a22becd', true)
insert into authorities (username, authority) values ('user-44', 'ROLE_USER')
insert into Customer (username, first, last, email) values ('user-44', 'first-name-44', 'last-name-44', 'first-name-44.last-name-44@springtravel.com')
insert into users (username, password, enabled) values ('user-45', '1c054705732638856c40bb72e4ebb09f', true)
insert into authorities (username, authority) values ('user-45', 'ROLE_USER')
insert into Customer (username, first, last, email) values ('user-45', 'first-name-45', 'last-name-45', 'first-name-45.last-name-45@springtravel.com')
insert into users (username, password, enabled) values ('user-46', '60b3674f7cabaa480a93609babc1ab9e', true)
insert into authorities (username, authority) values ('user-46', 'ROLE_USER')
insert into Customer (username, first, last, email) values ('user-46', 'first-name-46', 'last-name-46', 'first-name-46.last-name-46@springtravel.com')
insert into users (username, password, enabled) values ('user-47', 'bd80d96a9fc25e4cf15c4384bf242a27', true)
insert into authorities (username, authority) values ('user-47', 'ROLE_USER')
insert into Customer (username, first, last, email) values ('user-47', 'first-name-47', 'last-name-47', 'first-name-47.last-name-47@springtravel.com')
insert into users (username, password, enabled) values ('user-48', '83c600b150c724c50fc1ad4389aa69e1', true)
insert into authorities (username, authority) values ('user-48', 'ROLE_USER')
insert into Customer (username, first, last, email) values ('user-48', 'first-name-48', 'last-name-48', 'first-name-48.last-name-48@springtravel.com')
insert into users (username, password, enabled) values ('user-49', '229e86b55e9b73804e452b28071b8652', true)
insert into authorities (username, authority) values ('user-49', 'ROLE_USER')
insert into Customer (username, first, last, email) values ('user-49', 'first-name-49', 'last-name-49', 'first-name-49.last-name-49@springtravel.com')
insert into users (username, password, enabled) values ('user-50', '41f5b1f23f051fd2c6940bf6c384a769', true)
insert into authorities (username, authority) values ('user-50', 'ROLE_USER')
insert into Customer (username, first, last, email) values ('user-50', 'first-name-50', 'last-name-50', 'first-name-50.last-name-50@springtravel.com')
insert into users (username, password, enabled) values ('user-51', 'cc228ddadc35c10b624595c4f041d691', true)
insert into authorities (username, authority) values ('user-51', 'ROLE_USER')
insert into Customer (username, first, last, email) values ('user-51', 'first-name-51', 'last-name-51', 'first-name-51.last-name-51@springtravel.com')
insert into users (username, password, enabled) values ('user-52', 'a535cd813cbc199182d44a7c1c8bd003', true)
insert into authorities (username, authority) values ('user-52', 'ROLE_USER')
insert into Customer (username, first, last, email) values ('user-52', 'first-name-52', 'last-name-52', 'first-name-52.last-name-52@springtravel.com')
insert into users (username, password, enabled) values ('user-53', 'f89264d3c6cc1972ed6712da6f98e31a', true)
insert into authorities (username, authority) values ('user-53', 'ROLE_USER')
insert into Customer (username, first, last, email) values ('user-53', 'first-name-53', 'last-name-53', 'first-name-53.last-name-53@springtravel.com')
insert into users (username, password, enabled) values ('user-54', '10ebbe0dff68c8d334971406e8c9310c', true)
insert into authorities (username, authority) values ('user-54', 'ROLE_USER')
insert into Customer (username, first, last, email) values ('user-54', 'first-name-54', 'last-name-54', 'first-name-54.last-name-54@springtravel.com')
insert into users (username, password, enabled) values ('user-55', 'd8223840af0675c2b3c473d324a4cbc4', true)
insert into authorities (username, authority) values ('user-55', 'ROLE_USER')
insert into Customer (username, first, last, email) values ('user-55', 'first-name-55', 'last-name-55', 'first-name-55.last-name-55@springtravel.com')
insert into users (username, password, enabled) values ('user-56', '8f1944527da3b27ea4c600a44df5e579', true)
insert into authorities (username, authority) values ('user-56', 'ROLE_USER')
insert into Customer (username, first, last, email) values ('user-56', 'first-name-56', 'last-name-56', 'first-name-56.last-name-56@springtravel.com')
insert into users (username, password, enabled) values ('user-57', 'd170c8e9aa37d63442f24d58eff4721f', true)
insert into authorities (username, authority) values ('user-57', 'ROLE_USER')
insert into Customer (username, first, last, email) values ('user-57', 'first-name-57', 'last-name-57', 'first-name-57.last-name-57@springtravel.com')
insert into users (username, password, enabled) values ('user-58', '2277c0dabd0b937243131f0be285719c', true)
insert into authorities (username, authority) values ('user-58', 'ROLE_USER')
insert into Customer (username, first, last, email) values ('user-58', 'first-name-58', 'last-name-58', 'first-name-58.last-name-58@springtravel.com')
insert into users (username, password, enabled) values ('user-59', '36763b14ff9755f9671e5f64e41aa0e9', true)
insert into authorities (username, authority) values ('user-59', 'ROLE_USER')
insert into Customer (username, first, last, email) values ('user-59', 'first-name-59', 'last-name-59', 'first-name-59.last-name-59@springtravel.com')
insert into users (username, password, enabled) values ('user-60', '50dd4fe21d0f280df5146c0c94e8143c', true)
insert into authorities (username, authority) values ('user-60', 'ROLE_USER')
insert into Customer (username, first, last, email) values ('user-60', 'first-name-60', 'last-name-60', 'first-name-60.last-name-60@springtravel.com')
insert into users (username, password, enabled) values ('user-61', 'dc900326474fb16c4039c1a68293a885', true)
insert into authorities (username, authority) values ('user-61', 'ROLE_USER')
insert into Customer (username, first, last, email) values ('user-61', 'first-name-61', 'last-name-61', 'first-name-61.last-name-61@springtravel.com')
insert into users (username, password, enabled) values ('user-62', '636d5730215bb5ded161a91926f41dbc', true)
insert into authorities (username, authority) values ('user-62', 'ROLE_USER')
insert into Customer (username, first, last, email) values ('user-62', 'first-name-62', 'last-name-62', 'first-name-62.last-name-62@springtravel.com')
insert into users (username, password, enabled) values ('user-63', '252a81ca7a19d8402177e04e4779b4cd', true)
insert into authorities (username, authority) values ('user-63', 'ROLE_USER')
insert into Customer (username, first, last, email) values ('user-63', 'first-name-63', 'last-name-63', 'first-name-63.last-name-63@springtravel.com')
insert into users (username, password, enabled) values ('user-64', 'fa32a024237aa7efc5dc09db2cfba5d9', true)
insert into authorities (username, authority) values ('user-64', 'ROLE_USER')
insert into Customer (username, first, last, email) values ('user-64', 'first-name-64', 'last-name-64', 'first-name-64.last-name-64@springtravel.com')
insert into users (username, password, enabled) values ('user-65', '83497a54b3a52440912ab3142f836c16', true)
insert into authorities (username, authority) values ('user-65', 'ROLE_USER')
insert into Customer (username, first, last, email) values ('user-65', 'first-name-65', 'last-name-65', 'first-name-65.last-name-65@springtravel.com')
insert into users (username, password, enabled) values ('user-66', 'f45fe3dcfcad6ccb684ae3c1167ff16c', true)
insert into authorities (username, authority) values ('user-66', 'ROLE_USER')
insert into Customer (username, first, last, email) values ('user-66', 'first-name-66', 'last-name-66', 'first-name-66.last-name-66@springtravel.com')
insert into users (username, password, enabled) values ('user-67', 'c9c5329e849e137429612b56d3618f28', true)
insert into authorities (username, authority) values ('user-67', 'ROLE_USER')
insert into Customer (username, first, last, email) values ('user-67', 'first-name-67', 'last-name-67', 'first-name-67.last-name-67@springtravel.com')
insert into users (username, password, enabled) values ('user-68', '64ef17745559b68af8c901d7ad33681a', true)
insert into authorities (username, authority) values ('user-68', 'ROLE_USER')
insert into Customer (username, first, last, email) values ('user-68', 'first-name-68', 'last-name-68', 'first-name-68.last-name-68@springtravel.com')
insert into users (username, password, enabled) values ('user-69', 'da3a8e528a0c08ca7ecc8b1fc3e439c7', true)
insert into authorities (username, authority) values ('user-69', 'ROLE_USER')
insert into Customer (username, first, last, email) values ('user-69', 'first-name-69', 'last-name-69', 'first-name-69.last-name-69@springtravel.com')
insert into users (username, password, enabled) values ('user-70', '014a994152c98a720aebe52839a83e25', true)
insert into authorities (username, authority) values ('user-70', 'ROLE_USER')
insert into Customer (username, first, last, email) values ('user-70', 'first-name-70', 'last-name-70', 'first-name-70.last-name-70@springtravel.com')
insert into users (username, password, enabled) values ('user-71', '33621b0f240d22e66e890773cb423b43', true)
insert into authorities (username, authority) values ('user-71', 'ROLE_USER')
insert into Customer (username, first, last, email) values ('user-71', 'first-name-71', 'last-name-71', 'first-name-71.last-name-71@springtravel.com')
insert into users (username, password, enabled) values ('user-72', '312843527bf02c501a905b2641d104f9', true)
insert into authorities (username, authority) values ('user-72', 'ROLE_USER')
insert into Customer (username, first, last, email) values ('user-72', 'first-name-72', 'last-name-72', 'first-name-72.last-name-72@springtravel.com')
insert into users (username, password, enabled) values ('user-73', '532ae75b97c71ba50dda380e2560d160', true)
insert into authorities (username, authority) values ('user-73', 'ROLE_USER')
insert into Customer (username, first, last, email) values ('user-73', 'first-name-73', 'last-name-73', 'first-name-73.last-name-73@springtravel.com')
insert into users (username, password, enabled) values ('user-74', 'bfed17938b79f5cc9874f0888378d3f6', true)
insert into authorities (username, authority) values ('user-74', 'ROLE_USER')
insert into Customer (username, first, last, email) values ('user-74', 'first-name-74', 'last-name-74', 'first-name-74.last-name-74@springtravel.com')
insert into users (username, password, enabled) values ('user-75', 'b503ba0a0246dfe1ed0d8755082d0e24', true)
insert into authorities (username, authority) values ('user-75', 'ROLE_USER')
insert into Customer (username, first, last, email) values ('user-75', 'first-name-75', 'last-name-75', 'first-name-75.last-name-75@springtravel.com')
insert into users (username, password, enabled) values ('user-76', '81a6904825a6e3fe87da27df6c513c84', true)
insert into authorities (username, authority) values ('user-76', 'ROLE_USER')
insert into Customer (username, first, last, email) values ('user-76', 'first-name-76', 'last-name-76', 'first-name-76.last-name-76@springtravel.com')
insert into users (username, password, enabled) values ('user-77', '8d3cae9ee6d896c75d16ba082c2527ea', true)
insert into authorities (username, authority) values ('user-77', 'ROLE_USER')
insert into Customer (username, first, last, email) values ('user-77', 'first-name-77', 'last-name-77', 'first-name-77.last-name-77@springtravel.com')
insert into users (username, password, enabled) values ('user-78', 'b46b074942332e18b0bcde9d42d3b7cd', true)
insert into authorities (username, authority) values ('user-78', 'ROLE_USER')
insert into Customer (username, first, last, email) values ('user-78', 'first-name-78', 'last-name-78', 'first-name-78.last-name-78@springtravel.com')
insert into users (username, password, enabled) values ('user-79', '28d466e330df20f3e0859373463af6cc', true)
insert into authorities (username, authority) values ('user-79', 'ROLE_USER')
insert into Customer (username, first, last, email) values ('user-79', 'first-name-79', 'last-name-79', 'first-name-79.last-name-79@springtravel.com')
insert into users (username, password, enabled) values ('user-80', '47068ca9b3f325ebb199edcb2716ae4c', true)
insert into authorities (username, authority) values ('user-80', 'ROLE_USER')
insert into Customer (username, first, last, email) values ('user-80', 'first-name-80', 'last-name-80', 'first-name-80.last-name-80@springtravel.com')
insert into users (username, password, enabled) values ('user-81', '4f1297c58e2307cbd80d98d385ed6a90', true)
insert into authorities (username, authority) values ('user-81', 'ROLE_USER')
insert into Customer (username, first, last, email) values ('user-81', 'first-name-81', 'last-name-81', 'first-name-81.last-name-81@springtravel.com')
insert into users (username, password, enabled) values ('user-82', '4cda754ec20a0305e417603786e20c88', true)
insert into authorities (username, authority) values ('user-82', 'ROLE_USER')
insert into Customer (username, first, last, email) values ('user-82', 'first-name-82', 'last-name-82', 'first-name-82.last-name-82@springtravel.com')
insert into users (username, password, enabled) values ('user-83', '6999f708409d362bc31725fecf75a057', true)
insert into authorities (username, authority) values ('user-83', 'ROLE_USER')
insert into Customer (username, first, last, email) values ('user-83', 'first-name-83', 'last-name-83', 'first-name-83.last-name-83@springtravel.com')
insert into users (username, password, enabled) values ('user-84', '2e26d9af169983d7281427656b7105d6', true)
insert into authorities (username, authority) values ('user-84', 'ROLE_USER')
insert into Customer (username, first, last, email) values ('user-84', 'first-name-84', 'last-name-84', 'first-name-84.last-name-84@springtravel.com')
insert into users (username, password, enabled) values ('user-85', 'cda897bacecf1745036ae5b3b9ae1641', true)
insert into authorities (username, authority) values ('user-85', 'ROLE_USER')
insert into Customer (username, first, last, email) values ('user-85', 'first-name-85', 'last-name-85', 'first-name-85.last-name-85@springtravel.com')
insert into users (username, password, enabled) values ('user-86', '925fd2f3edbdbda57724147f111d7fb7', true)
insert into authorities (username, authority) values ('user-86', 'ROLE_USER')
insert into Customer (username, first, last, email) values ('user-86', 'first-name-86', 'last-name-86', 'first-name-86.last-name-86@springtravel.com')
insert into users (username, password, enabled) values ('user-87', '5dc7f8eaf66539cb78310e7768c32540', true)
insert into authorities (username, authority) values ('user-87', 'ROLE_USER')
insert into Customer (username, first, last, email) values ('user-87', 'first-name-87', 'last-name-87', 'first-name-87.last-name-87@springtravel.com')
insert into users (username, password, enabled) values ('user-88', '7f212eafe368ceefa846a9801be249bd', true)
insert into authorities (username, authority) values ('user-88', 'ROLE_USER')
insert into Customer (username, first, last, email) values ('user-88', 'first-name-88', 'last-name-88', 'first-name-88.last-name-88@springtravel.com')
insert into users (username, password, enabled) values ('user-89', '343b19c7fd7e5d1beabd23b98bc598a0', true)
insert into authorities (username, authority) values ('user-89', 'ROLE_USER')
insert into Customer (username, first, last, email) values ('user-89', 'first-name-89', 'last-name-89', 'first-name-89.last-name-89@springtravel.com')
insert into users (username, password, enabled) values ('user-90', '355898d4dfafca029b3e3412a92d7d56', true)
insert into authorities (username, authority) values ('user-90', 'ROLE_USER')
insert into Customer (username, first, last, email) values ('user-90', 'first-name-90', 'last-name-90', 'first-name-90.last-name-90@springtravel.com')
insert into users (username, password, enabled) values ('user-91', 'a7a6528e5d3d5a0d87aca0bb20e5afbe', true)
insert into authorities (username, authority) values ('user-91', 'ROLE_USER')
insert into Customer (username, first, last, email) values ('user-91', 'first-name-91', 'last-name-91', 'first-name-91.last-name-91@springtravel.com')
insert into users (username, password, enabled) values ('user-92', 'b65c444af0e4041acfcade955f2c435f', true)
insert into authorities (username, authority) values ('user-92', 'ROLE_USER')
insert into Customer (username, first, last, email) values ('user-92', 'first-name-92', 'last-name-92', 'first-name-92.last-name-92@springtravel.com')
insert into users (username, password, enabled) values ('user-93', '75541917b8b67ce5b2cff1c4dd3618ba', true)
insert into authorities (username, authority) values ('user-93', 'ROLE_USER')
insert into Customer (username, first, last, email) values ('user-93', 'first-name-93', 'last-name-93', 'first-name-93.last-name-93@springtravel.com')
insert into users (username, password, enabled) values ('user-94', 'fbb12317dccedbd62a7ca2cdf9e95f24', true)
insert into authorities (username, authority) values ('user-94', 'ROLE_USER')
insert into Customer (username, first, last, email) values ('user-94', 'first-name-94', 'last-name-94', 'first-name-94.last-name-94@springtravel.com')
insert into users (username, password, enabled) values ('user-95', '90946fe0613ed32fb99152099b03d2e3', true)
insert into authorities (username, authority) values ('user-95', 'ROLE_USER')
insert into Customer (username, first, last, email) values ('user-95', 'first-name-95', 'last-name-95', 'first-name-95.last-name-95@springtravel.com')
insert into users (username, password, enabled) values ('user-96', 'ce5e551336c972ef399aa781c49066a4', true)
insert into authorities (username, authority) values ('user-96', 'ROLE_USER')
insert into Customer (username, first, last, email) values ('user-96', 'first-name-96', 'last-name-96', 'first-name-96.last-name-96@springtravel.com')
insert into users (username, password, enabled) values ('user-97', '181d02bbc89033400a37d892f7d6c522', true)
insert into authorities (username, authority) values ('user-97', 'ROLE_USER')
insert into Customer (username, first, last, email) values ('user-97', 'first-name-97', 'last-name-97', 'first-name-97.last-name-97@springtravel.com')
insert into users (username, password, enabled) values ('user-98', 'e8815fc8e66c95e4d44a91c6625b4136', true)
insert into authorities (username, authority) values ('user-98', 'ROLE_USER')
insert into Customer (username, first, last, email) values ('user-98', 'first-name-98', 'last-name-98', 'first-name-98.last-name-98@springtravel.com')
insert into users (username, password, enabled) values ('user-99', '96422e1a07b2b98d6d032b651f9cdcd5', true)
insert into authorities (username, authority) values ('user-99', 'ROLE_USER')
insert into Customer (username, first, last, email) values ('user-99', 'first-name-99', 'last-name-99', 'first-name-99.last-name-99@springtravel.com')
insert into users (username, password, enabled) values ('user-100', '0bc6cdff4261bb4ee4f8ee4fdee8c42a', true)
insert into authorities (username, authority) values ('user-100', 'ROLE_USER')
insert into Customer (username, first, last, email) values ('user-100', 'first-name-100', 'last-name-100', 'first-name-100.last-name-100@springtravel.com')
