keith,melbourne,Keith Melbourne,1234567890,08,2011
erwin,leuven,Erwin Leven,0987654321,09,2011
jeremy,atlanta,Jeremy Atlanta,2468097531,01,2012
scott,rochester,Scott Rochester,1357924680,02,2012
user-1,password-1,first-name-1 last-name-1,1520030485,03,2012
user-2,password-2,first-name-2 last-name-2,1959360287,03,2012
user-3,password-3,first-name-3 last-name-3,1980089779,03,2012
user-4,password-4,first-name-4 last-name-4,1936613987,03,2012
user-5,password-5,first-name-5 last-name-5,1522492733,03,2012
user-6,password-6,first-name-6 last-name-6,21955892,03,2012
user-7,password-7,first-name-7 last-name-7,1203607584,03,2012
user-8,password-8,first-name-8 last-name-8,1607512103,03,2012
user-9,password-9,first-name-9 last-name-9,1358027410,03,2012
user-10,password-10,first-name-10 last-name-10,1499675043,03,2012
user-11,password-11,first-name-11 last-name-11,1203624481,03,2012
user-12,password-12,first-name-12 last-name-12,642284373,03,2012
user-13,password-13,first-name-13 last-name-13,1082577029,03,2012
user-14,password-14,first-name-14 last-name-14,904788206,03,2012
user-15,password-15,first-name-15 last-name-15,417018367,03,2012
user-16,password-16,first-name-16 last-name-16,378510774,03,2012
user-17,password-17,first-name-17 last-name-17,756345968,03,2012
user-18,password-18,first-name-18 last-name-18,1579383147,03,2012
user-19,password-19,first-name-19 last-name-19,1548052286,03,2012
user-20,password-20,first-name-20 last-name-20,2115183893,03,2012
user-21,password-21,first-name-21 last-name-21,438011419,03,2012
user-22,password-22,first-name-22 last-name-22,224518670,03,2012
user-23,password-23,first-name-23 last-name-23,1047249167,03,2012
user-24,password-24,first-name-24 last-name-24,2068170629,03,2012
user-25,password-25,first-name-25 last-name-25,484415487,03,2012
user-26,password-26,first-name-26 last-name-26,1660034202,03,2012
user-27,password-27,first-name-27 last-name-27,47737336,03,2012
user-28,password-28,first-name-28 last-name-28,543704222,03,2012
user-29,password-29,first-name-29 last-name-29,507927446,03,2012
user-30,password-30,first-name-30 last-name-30,1278435293,03,2012
user-31,password-31,first-name-31 last-name-31,375707267,03,2012
user-32,password-32,first-name-32 last-name-32,1946717426,03,2012
user-33,password-33,first-name-33 last-name-33,1489063001,03,2012
user-34,password-34,first-name-34 last-name-34,1000073124,03,2012
user-35,password-35,first-name-35 last-name-35,1348364969,03,2012
user-36,password-36,first-name-36 last-name-36,679280376,03,2012
user-37,password-37,first-name-37 last-name-37,2142553318,03,2012
user-38,password-38,first-name-38 last-name-38,279828935,03,2012
user-39,password-39,first-name-39 last-name-39,2115466755,03,2012
user-40,password-40,first-name-40 last-name-40,475087014,03,2012
user-41,password-41,first-name-41 last-name-41,769907418,03,2012
user-42,password-42,first-name-42 last-name-42,1853576753,03,2012
user-43,password-43,first-name-43 last-name-43,1693450599,03,2012
user-44,password-44,first-name-44 last-name-44,1763195149,03,2012
user-45,password-45,first-name-45 last-name-45,926690060,03,2012
user-46,password-46,first-name-46 last-name-46,303719095,03,2012
user-47,password-47,first-name-47 last-name-47,1193909559,03,2012
user-48,password-48,first-name-48 last-name-48,252179110,03,2012
user-49,password-49,first-name-49 last-name-49,1626628998,03,2012
user-50,password-50,first-name-50 last-name-50,338657435,03,2012
user-51,password-51,first-name-51 last-name-51,1840970104,03,2012
user-52,password-52,first-name-52 last-name-52,1592741588,03,2012
user-53,password-53,first-name-53 last-name-53,2080661376,03,2012
user-54,password-54,first-name-54 last-name-54,144653399,03,2012
user-55,password-55,first-name-55 last-name-55,1045356194,03,2012
user-56,password-56,first-name-56 last-name-56,489845615,03,2012
user-57,password-57,first-name-57 last-name-57,1465472884,03,2012
user-58,password-58,first-name-58 last-name-58,1439011475,03,2012
user-59,password-59,first-name-59 last-name-59,439660825,03,2012
user-60,password-60,first-name-60 last-name-60,1528415483,03,2012
user-61,password-61,first-name-61 last-name-61,1324661955,03,2012
user-62,password-62,first-name-62 last-name-62,257173036,03,2012
user-63,password-63,first-name-63 last-name-63,1038366946,03,2012
user-64,password-64,first-name-64 last-name-64,959646970,03,2012
user-65,password-65,first-name-65 last-name-65,599456704,03,2012
user-66,password-66,first-name-66 last-name-66,1808175603,03,2012
user-67,password-67,first-name-67 last-name-67,1845404654,03,2012
user-68,password-68,first-name-68 last-name-68,930001710,03,2012
user-69,password-69,first-name-69 last-name-69,1349396946,03,2012
user-70,password-70,first-name-70 last-name-70,1618984543,03,2012
user-71,password-71,first-name-71 last-name-71,189859675,03,2012
user-72,password-72,first-name-72 last-name-72,92650547,03,2012
user-73,password-73,first-name-73 last-name-73,2011510036,03,2012
user-74,password-74,first-name-74 last-name-74,162276647,03,2012
user-75,password-75,first-name-75 last-name-75,563572603,03,2012
user-76,password-76,first-name-76 last-name-76,757966740,03,2012
user-77,password-77,first-name-77 last-name-77,460082464,03,2012
user-78,password-78,first-name-78 last-name-78,1634677313,03,2012
user-79,password-79,first-name-79 last-name-79,1237018018,03,2012
user-80,password-80,first-name-80 last-name-80,582960588,03,2012
user-81,password-81,first-name-81 last-name-81,719973044,03,2012
user-82,password-82,first-name-82 last-name-82,489680182,03,2012
user-83,password-83,first-name-83 last-name-83,959287566,03,2012
user-84,password-84,first-name-84 last-name-84,946832817,03,2012
user-85,password-85,first-name-85 last-name-85,315720748,03,2012
user-86,password-86,first-name-86 last-name-86,576945857,03,2012
user-87,password-87,first-name-87 last-name-87,656851971,03,2012
user-88,password-88,first-name-88 last-name-88,794535101,03,2012
user-89,password-89,first-name-89 last-name-89,1511498991,03,2012
user-90,password-90,first-name-90 last-name-90,1202627349,03,2012
user-91,password-91,first-name-91 last-name-91,2112182314,03,2012
user-92,password-92,first-name-92 last-name-92,864808705,03,2012
user-93,password-93,first-name-93 last-name-93,533888312,03,2012
user-94,password-94,first-name-94 last-name-94,162939128,03,2012
user-95,password-95,first-name-95 last-name-95,712912740,03,2012
user-96,password-96,first-name-96 last-name-96,495235396,03,2012
user-97,password-97,first-name-97 last-name-97,1823464798,03,2012
user-98,password-98,first-name-98 last-name-98,1075587043,03,2012
user-99,password-99,first-name-99 last-name-99,1912623462,03,2012
user-100,password-100,first-name-100 last-name-100,855240131,03,2012
user-101,password-101,first-name-101 last-name-101,117288241,03,2012
user-102,password-102,first-name-102 last-name-102,923448905,03,2012
user-103,password-103,first-name-103 last-name-103,1397517063,03,2012
user-104,password-104,first-name-104 last-name-104,230313168,03,2012
user-105,password-105,first-name-105 last-name-105,1521707786,03,2012
user-106,password-106,first-name-106 last-name-106,1659951678,03,2012
user-107,password-107,first-name-107 last-name-107,560019660,03,2012
user-108,password-108,first-name-108 last-name-108,1309665043,03,2012
user-109,password-109,first-name-109 last-name-109,1068425491,03,2012
user-110,password-110,first-name-110 last-name-110,1327715745,03,2012
user-111,password-111,first-name-111 last-name-111,907289277,03,2012
user-112,password-112,first-name-112 last-name-112,220722639,03,2012
user-113,password-113,first-name-113 last-name-113,866393264,03,2012
user-114,password-114,first-name-114 last-name-114,594946832,03,2012
user-115,password-115,first-name-115 last-name-115,683140250,03,2012
user-116,password-116,first-name-116 last-name-116,585725284,03,2012
user-117,password-117,first-name-117 last-name-117,1964081126,03,2012
user-118,password-118,first-name-118 last-name-118,995536493,03,2012
user-119,password-119,first-name-119 last-name-119,102563039,03,2012
user-120,password-120,first-name-120 last-name-120,2139857863,03,2012
user-121,password-121,first-name-121 last-name-121,2003510284,03,2012
user-122,password-122,first-name-122 last-name-122,815749546,03,2012
user-123,password-123,first-name-123 last-name-123,754199536,03,2012
user-124,password-124,first-name-124 last-name-124,1155307978,03,2012
user-125,password-125,first-name-125 last-name-125,1452094402,03,2012
user-126,password-126,first-name-126 last-name-126,1915111391,03,2012
user-127,password-127,first-name-127 last-name-127,1231108468,03,2012
user-128,password-128,first-name-128 last-name-128,1702775648,03,2012
user-129,password-129,first-name-129 last-name-129,760909790,03,2012
user-130,password-130,first-name-130 last-name-130,1337116206,03,2012
user-131,password-131,first-name-131 last-name-131,1986687811,03,2012
user-132,password-132,first-name-132 last-name-132,739677088,03,2012
user-133,password-133,first-name-133 last-name-133,1005365963,03,2012
user-134,password-134,first-name-134 last-name-134,266180183,03,2012
user-135,password-135,first-name-135 last-name-135,923386644,03,2012
user-136,password-136,first-name-136 last-name-136,1021858231,03,2012
user-137,password-137,first-name-137 last-name-137,717328809,03,2012
user-138,password-138,first-name-138 last-name-138,1820508391,03,2012
user-139,password-139,first-name-139 last-name-139,103332598,03,2012
user-140,password-140,first-name-140 last-name-140,835831429,03,2012
user-141,password-141,first-name-141 last-name-141,1519204928,03,2012
user-142,password-142,first-name-142 last-name-142,176585137,03,2012
user-143,password-143,first-name-143 last-name-143,1515121218,03,2012
user-144,password-144,first-name-144 last-name-144,140491570,03,2012
user-145,password-145,first-name-145 last-name-145,380026250,03,2012
user-146,password-146,first-name-146 last-name-146,1560874809,03,2012
user-147,password-147,first-name-147 last-name-147,1611633941,03,2012
user-148,password-148,first-name-148 last-name-148,1431600861,03,2012
user-149,password-149,first-name-149 last-name-149,715351467,03,2012
user-150,password-150,first-name-150 last-name-150,1484579810,03,2012
user-151,password-151,first-name-151 last-name-151,463997660,03,2012
user-152,password-152,first-name-152 last-name-152,155662032,03,2012
user-153,password-153,first-name-153 last-name-153,55156580,03,2012
user-154,password-154,first-name-154 last-name-154,1657193709,03,2012
user-155,password-155,first-name-155 last-name-155,1168854678,03,2012
user-156,password-156,first-name-156 last-name-156,1017919922,03,2012
user-157,password-157,first-name-157 last-name-157,2003015136,03,2012
user-158,password-158,first-name-158 last-name-158,1357237695,03,2012
user-159,password-159,first-name-159 last-name-159,1637639484,03,2012
user-160,password-160,first-name-160 last-name-160,1526576612,03,2012
user-161,password-161,first-name-161 last-name-161,1176042507,03,2012
user-162,password-162,first-name-162 last-name-162,1258147300,03,2012
user-163,password-163,first-name-163 last-name-163,1519584409,03,2012
user-164,password-164,first-name-164 last-name-164,500414397,03,2012
user-165,password-165,first-name-165 last-name-165,276794437,03,2012
user-166,password-166,first-name-166 last-name-166,1007619266,03,2012
user-167,password-167,first-name-167 last-name-167,307318330,03,2012
user-168,password-168,first-name-168 last-name-168,1382115308,03,2012
user-169,password-169,first-name-169 last-name-169,227793915,03,2012
user-170,password-170,first-name-170 last-name-170,800621757,03,2012
user-171,password-171,first-name-171 last-name-171,1941690394,03,2012
user-172,password-172,first-name-172 last-name-172,1046264212,03,2012
user-173,password-173,first-name-173 last-name-173,954532407,03,2012
user-174,password-174,first-name-174 last-name-174,1503895869,03,2012
user-175,password-175,first-name-175 last-name-175,1865965546,03,2012
user-176,password-176,first-name-176 last-name-176,1955527225,03,2012
user-177,password-177,first-name-177 last-name-177,39663116,03,2012
user-178,password-178,first-name-178 last-name-178,1964007211,03,2012
user-179,password-179,first-name-179 last-name-179,1580535992,03,2012
user-180,password-180,first-name-180 last-name-180,824286524,03,2012
user-181,password-181,first-name-181 last-name-181,1993863910,03,2012
user-182,password-182,first-name-182 last-name-182,1911453094,03,2012
user-183,password-183,first-name-183 last-name-183,739085808,03,2012
user-184,password-184,first-name-184 last-name-184,1900170512,03,2012
user-185,password-185,first-name-185 last-name-185,1186541966,03,2012
user-186,password-186,first-name-186 last-name-186,98252795,03,2012
user-187,password-187,first-name-187 last-name-187,1376371987,03,2012
user-188,password-188,first-name-188 last-name-188,1805310058,03,2012
user-189,password-189,first-name-189 last-name-189,68425756,03,2012
user-190,password-190,first-name-190 last-name-190,1567948635,03,2012
user-191,password-191,first-name-191 last-name-191,2078251858,03,2012
user-192,password-192,first-name-192 last-name-192,1914129569,03,2012
user-193,password-193,first-name-193 last-name-193,1662002896,03,2012
user-194,password-194,first-name-194 last-name-194,1015581363,03,2012
user-195,password-195,first-name-195 last-name-195,718855138,03,2012
user-196,password-196,first-name-196 last-name-196,1016223601,03,2012
user-197,password-197,first-name-197 last-name-197,1012733591,03,2012
user-198,password-198,first-name-198 last-name-198,394278684,03,2012
user-199,password-199,first-name-199 last-name-199,1145209218,03,2012
user-200,password-200,first-name-200 last-name-200,1069580037,03,2012
user-201,password-201,first-name-201 last-name-201,489514311,03,2012
user-202,password-202,first-name-202 last-name-202,452262221,03,2012
user-203,password-203,first-name-203 last-name-203,1797280863,03,2012
user-204,password-204,first-name-204 last-name-204,1108311537,03,2012
user-205,password-205,first-name-205 last-name-205,1628445662,03,2012
user-206,password-206,first-name-206 last-name-206,1633934964,03,2012
user-207,password-207,first-name-207 last-name-207,476008927,03,2012
user-208,password-208,first-name-208 last-name-208,1600338606,03,2012
user-209,password-209,first-name-209 last-name-209,1309148765,03,2012
user-210,password-210,first-name-210 last-name-210,1421347533,03,2012
user-211,password-211,first-name-211 last-name-211,1328459448,03,2012
user-212,password-212,first-name-212 last-name-212,1385827530,03,2012
user-213,password-213,first-name-213 last-name-213,366267684,03,2012
user-214,password-214,first-name-214 last-name-214,1431300019,03,2012
user-215,password-215,first-name-215 last-name-215,579782450,03,2012
user-216,password-216,first-name-216 last-name-216,437821263,03,2012
user-217,password-217,first-name-217 last-name-217,294963278,03,2012
user-218,password-218,first-name-218 last-name-218,1480189749,03,2012
user-219,password-219,first-name-219 last-name-219,982111150,03,2012
user-220,password-220,first-name-220 last-name-220,1308314982,03,2012
user-221,password-221,first-name-221 last-name-221,522730977,03,2012
user-222,password-222,first-name-222 last-name-222,611287170,03,2012
user-223,password-223,first-name-223 last-name-223,220497716,03,2012
user-224,password-224,first-name-224 last-name-224,1551877623,03,2012
user-225,password-225,first-name-225 last-name-225,1851072071,03,2012
user-226,password-226,first-name-226 last-name-226,326566677,03,2012
user-227,password-227,first-name-227 last-name-227,1873868211,03,2012
user-228,password-228,first-name-228 last-name-228,856055952,03,2012
user-229,password-229,first-name-229 last-name-229,1965159704,03,2012
user-230,password-230,first-name-230 last-name-230,665838654,03,2012
user-231,password-231,first-name-231 last-name-231,1982786555,03,2012
user-232,password-232,first-name-232 last-name-232,157948987,03,2012
user-233,password-233,first-name-233 last-name-233,484986006,03,2012
user-234,password-234,first-name-234 last-name-234,516508319,03,2012
user-235,password-235,first-name-235 last-name-235,866966286,03,2012
user-236,password-236,first-name-236 last-name-236,1594042185,03,2012
user-237,password-237,first-name-237 last-name-237,1271026393,03,2012
user-238,password-238,first-name-238 last-name-238,70590683,03,2012
user-239,password-239,first-name-239 last-name-239,977244748,03,2012
user-240,password-240,first-name-240 last-name-240,1072592809,03,2012
user-241,password-241,first-name-241 last-name-241,808641191,03,2012
user-242,password-242,first-name-242 last-name-242,1016721960,03,2012
user-243,password-243,first-name-243 last-name-243,1236081796,03,2012
user-244,password-244,first-name-244 last-name-244,771568179,03,2012
user-245,password-245,first-name-245 last-name-245,26748350,03,2012
user-246,password-246,first-name-246 last-name-246,1292410932,03,2012
user-247,password-247,first-name-247 last-name-247,681876548,03,2012
user-248,password-248,first-name-248 last-name-248,1076237739,03,2012
user-249,password-249,first-name-249 last-name-249,1458650376,03,2012
user-250,password-250,first-name-250 last-name-250,498280789,03,2012
user-251,password-251,first-name-251 last-name-251,538149007,03,2012
user-252,password-252,first-name-252 last-name-252,686745226,03,2012
user-253,password-253,first-name-253 last-name-253,697077648,03,2012
user-254,password-254,first-name-254 last-name-254,944413520,03,2012
user-255,password-255,first-name-255 last-name-255,1185835390,03,2012
user-256,password-256,first-name-256 last-name-256,378846233,03,2012
user-257,password-257,first-name-257 last-name-257,1219812403,03,2012
user-258,password-258,first-name-258 last-name-258,2113442235,03,2012
user-259,password-259,first-name-259 last-name-259,282273856,03,2012
user-260,password-260,first-name-260 last-name-260,1736950409,03,2012
user-261,password-261,first-name-261 last-name-261,1935974623,03,2012
user-262,password-262,first-name-262 last-name-262,1667527600,03,2012
user-263,password-263,first-name-263 last-name-263,1789777702,03,2012
user-264,password-264,first-name-264 last-name-264,1162199239,03,2012
user-265,password-265,first-name-265 last-name-265,1884456220,03,2012
user-266,password-266,first-name-266 last-name-266,550156102,03,2012
user-267,password-267,first-name-267 last-name-267,2051606389,03,2012
user-268,password-268,first-name-268 last-name-268,1339354538,03,2012
user-269,password-269,first-name-269 last-name-269,1346540271,03,2012
user-270,password-270,first-name-270 last-name-270,1128291695,03,2012
user-271,password-271,first-name-271 last-name-271,1134109058,03,2012
user-272,password-272,first-name-272 last-name-272,90731262,03,2012
user-273,password-273,first-name-273 last-name-273,1751036688,03,2012
user-274,password-274,first-name-274 last-name-274,1374429167,03,2012
user-275,password-275,first-name-275 last-name-275,1469216620,03,2012
user-276,password-276,first-name-276 last-name-276,1624155278,03,2012
user-277,password-277,first-name-277 last-name-277,764131851,03,2012
user-278,password-278,first-name-278 last-name-278,161623930,03,2012
user-279,password-279,first-name-279 last-name-279,590838948,03,2012
user-280,password-280,first-name-280 last-name-280,161747222,03,2012
user-281,password-281,first-name-281 last-name-281,1673881465,03,2012
user-282,password-282,first-name-282 last-name-282,2140239982,03,2012
user-283,password-283,first-name-283 last-name-283,1083429070,03,2012
user-284,password-284,first-name-284 last-name-284,982624542,03,2012
user-285,password-285,first-name-285 last-name-285,885034983,03,2012
user-286,password-286,first-name-286 last-name-286,1318496632,03,2012
user-287,password-287,first-name-287 last-name-287,977539754,03,2012
user-288,password-288,first-name-288 last-name-288,16000969,03,2012
user-289,password-289,first-name-289 last-name-289,511975019,03,2012
user-290,password-290,first-name-290 last-name-290,1184640539,03,2012
user-291,password-291,first-name-291 last-name-291,999392083,03,2012
user-292,password-292,first-name-292 last-name-292,259447035,03,2012
user-293,password-293,first-name-293 last-name-293,268625912,03,2012
user-294,password-294,first-name-294 last-name-294,1693624571,03,2012
user-295,password-295,first-name-295 last-name-295,1470254875,03,2012
user-296,password-296,first-name-296 last-name-296,1676405215,03,2012
user-297,password-297,first-name-297 last-name-297,643722751,03,2012
user-298,password-298,first-name-298 last-name-298,473339993,03,2012
user-299,password-299,first-name-299 last-name-299,115468947,03,2012
user-300,password-300,first-name-300 last-name-300,742434865,03,2012
user-301,password-301,first-name-301 last-name-301,1430699810,03,2012
user-302,password-302,first-name-302 last-name-302,645994583,03,2012
user-303,password-303,first-name-303 last-name-303,900712289,03,2012
user-304,password-304,first-name-304 last-name-304,350359146,03,2012
user-305,password-305,first-name-305 last-name-305,95130561,03,2012
user-306,password-306,first-name-306 last-name-306,2088337111,03,2012
user-307,password-307,first-name-307 last-name-307,1462929136,03,2012
user-308,password-308,first-name-308 last-name-308,405792426,03,2012
user-309,password-309,first-name-309 last-name-309,1060819811,03,2012
user-310,password-310,first-name-310 last-name-310,872608699,03,2012
user-311,password-311,first-name-311 last-name-311,1105094910,03,2012
user-312,password-312,first-name-312 last-name-312,948728279,03,2012
user-313,password-313,first-name-313 last-name-313,1772670583,03,2012
user-314,password-314,first-name-314 last-name-314,1346196102,03,2012
user-315,password-315,first-name-315 last-name-315,267028060,03,2012
user-316,password-316,first-name-316 last-name-316,1290543509,03,2012
user-317,password-317,first-name-317 last-name-317,1430894752,03,2012
user-318,password-318,first-name-318 last-name-318,836709471,03,2012
user-319,password-319,first-name-319 last-name-319,592747462,03,2012
user-320,password-320,first-name-320 last-name-320,869787472,03,2012
user-321,password-321,first-name-321 last-name-321,373518023,03,2012
user-322,password-322,first-name-322 last-name-322,1977183484,03,2012
user-323,password-323,first-name-323 last-name-323,1906644253,03,2012
user-324,password-324,first-name-324 last-name-324,350030038,03,2012
user-325,password-325,first-name-325 last-name-325,99127513,03,2012
user-326,password-326,first-name-326 last-name-326,448812121,03,2012
user-327,password-327,first-name-327 last-name-327,733249058,03,2012
user-328,password-328,first-name-328 last-name-328,684986556,03,2012
user-329,password-329,first-name-329 last-name-329,1587878505,03,2012
user-330,password-330,first-name-330 last-name-330,2134327443,03,2012
user-331,password-331,first-name-331 last-name-331,1314506317,03,2012
user-332,password-332,first-name-332 last-name-332,129315732,03,2012
user-333,password-333,first-name-333 last-name-333,1922019480,03,2012
user-334,password-334,first-name-334 last-name-334,1865494271,03,2012
user-335,password-335,first-name-335 last-name-335,163994264,03,2012
user-336,password-336,first-name-336 last-name-336,985002595,03,2012
user-337,password-337,first-name-337 last-name-337,897395486,03,2012
user-338,password-338,first-name-338 last-name-338,886823201,03,2012
user-339,password-339,first-name-339 last-name-339,1098481039,03,2012
user-340,password-340,first-name-340 last-name-340,644577387,03,2012
user-341,password-341,first-name-341 last-name-341,636991713,03,2012
user-342,password-342,first-name-342 last-name-342,1608118348,03,2012
user-343,password-343,first-name-343 last-name-343,1761125360,03,2012
user-344,password-344,first-name-344 last-name-344,147012578,03,2012
user-345,password-345,first-name-345 last-name-345,2106112804,03,2012
user-346,password-346,first-name-346 last-name-346,589926140,03,2012
user-347,password-347,first-name-347 last-name-347,1884719796,03,2012
user-348,password-348,first-name-348 last-name-348,1210848183,03,2012
user-349,password-349,first-name-349 last-name-349,671486706,03,2012
user-350,password-350,first-name-350 last-name-350,1242320916,03,2012
user-351,password-351,first-name-351 last-name-351,418472469,03,2012
user-352,password-352,first-name-352 last-name-352,525525221,03,2012
user-353,password-353,first-name-353 last-name-353,1368055009,03,2012
user-354,password-354,first-name-354 last-name-354,1302962835,03,2012
user-355,password-355,first-name-355 last-name-355,1092779209,03,2012
user-356,password-356,first-name-356 last-name-356,1225072962,03,2012
user-357,password-357,first-name-357 last-name-357,1735573547,03,2012
user-358,password-358,first-name-358 last-name-358,540866757,03,2012
user-359,password-359,first-name-359 last-name-359,11216955,03,2012
user-360,password-360,first-name-360 last-name-360,779965802,03,2012
user-361,password-361,first-name-361 last-name-361,1188057472,03,2012
user-362,password-362,first-name-362 last-name-362,112522219,03,2012
user-363,password-363,first-name-363 last-name-363,1509936067,03,2012
user-364,password-364,first-name-364 last-name-364,2001141532,03,2012
user-365,password-365,first-name-365 last-name-365,724740760,03,2012
user-366,password-366,first-name-366 last-name-366,1214464276,03,2012
user-367,password-367,first-name-367 last-name-367,138351184,03,2012
user-368,password-368,first-name-368 last-name-368,1964295503,03,2012
user-369,password-369,first-name-369 last-name-369,1388250469,03,2012
user-370,password-370,first-name-370 last-name-370,1312471528,03,2012
user-371,password-371,first-name-371 last-name-371,441831850,03,2012
user-372,password-372,first-name-372 last-name-372,758590953,03,2012
user-373,password-373,first-name-373 last-name-373,35359083,03,2012
user-374,password-374,first-name-374 last-name-374,2010204337,03,2012
user-375,password-375,first-name-375 last-name-375,501088124,03,2012
user-376,password-376,first-name-376 last-name-376,1575740972,03,2012
user-377,password-377,first-name-377 last-name-377,2073630337,03,2012
user-378,password-378,first-name-378 last-name-378,1685388248,03,2012
user-379,password-379,first-name-379 last-name-379,868289427,03,2012
user-380,password-380,first-name-380 last-name-380,1770592843,03,2012
user-381,password-381,first-name-381 last-name-381,1323314379,03,2012
user-382,password-382,first-name-382 last-name-382,1732978008,03,2012
user-383,password-383,first-name-383 last-name-383,314254372,03,2012
user-384,password-384,first-name-384 last-name-384,146765506,03,2012
user-385,password-385,first-name-385 last-name-385,1099735732,03,2012
user-386,password-386,first-name-386 last-name-386,300677553,03,2012
user-387,password-387,first-name-387 last-name-387,1920655559,03,2012
user-388,password-388,first-name-388 last-name-388,82028652,03,2012
user-389,password-389,first-name-389 last-name-389,1005981334,03,2012
user-390,password-390,first-name-390 last-name-390,544691392,03,2012
user-391,password-391,first-name-391 last-name-391,773330252,03,2012
user-392,password-392,first-name-392 last-name-392,1807165605,03,2012
user-393,password-393,first-name-393 last-name-393,352620140,03,2012
user-394,password-394,first-name-394 last-name-394,1516154278,03,2012
user-395,password-395,first-name-395 last-name-395,726274662,03,2012
user-396,password-396,first-name-396 last-name-396,144424463,03,2012
user-397,password-397,first-name-397 last-name-397,274585292,03,2012
user-398,password-398,first-name-398 last-name-398,1170882278,03,2012
user-399,password-399,first-name-399 last-name-399,235585105,03,2012
user-400,password-400,first-name-400 last-name-400,862619420,03,2012
user-401,password-401,first-name-401 last-name-401,169886445,03,2012
user-402,password-402,first-name-402 last-name-402,1391380514,03,2012
user-403,password-403,first-name-403 last-name-403,1111204616,03,2012
user-404,password-404,first-name-404 last-name-404,1157236063,03,2012
user-405,password-405,first-name-405 last-name-405,117223649,03,2012
user-406,password-406,first-name-406 last-name-406,1939727519,03,2012
user-407,password-407,first-name-407 last-name-407,623867350,03,2012
user-408,password-408,first-name-408 last-name-408,1163862922,03,2012
user-409,password-409,first-name-409 last-name-409,1726077128,03,2012
user-410,password-410,first-name-410 last-name-410,86379297,03,2012
user-411,password-411,first-name-411 last-name-411,1441659360,03,2012
user-412,password-412,first-name-412 last-name-412,1773926544,03,2012
user-413,password-413,first-name-413 last-name-413,996817345,03,2012
user-414,password-414,first-name-414 last-name-414,1857997029,03,2012
user-415,password-415,first-name-415 last-name-415,673196466,03,2012
user-416,password-416,first-name-416 last-name-416,271419165,03,2012
user-417,password-417,first-name-417 last-name-417,1706685660,03,2012
user-418,password-418,first-name-418 last-name-418,1215307103,03,2012
user-419,password-419,first-name-419 last-name-419,1255741766,03,2012
user-420,password-420,first-name-420 last-name-420,1018949529,03,2012
user-421,password-421,first-name-421 last-name-421,1266120510,03,2012
user-422,password-422,first-name-422 last-name-422,181212355,03,2012
user-423,password-423,first-name-423 last-name-423,2131265575,03,2012
user-424,password-424,first-name-424 last-name-424,627443679,03,2012
user-425,password-425,first-name-425 last-name-425,2135621719,03,2012
user-426,password-426,first-name-426 last-name-426,1893029847,03,2012
user-427,password-427,first-name-427 last-name-427,308497713,03,2012
user-428,password-428,first-name-428 last-name-428,673421385,03,2012
user-429,password-429,first-name-429 last-name-429,1914555706,03,2012
user-430,password-430,first-name-430 last-name-430,1740410267,03,2012
user-431,password-431,first-name-431 last-name-431,570237282,03,2012
user-432,password-432,first-name-432 last-name-432,1058012012,03,2012
user-433,password-433,first-name-433 last-name-433,2023753844,03,2012
user-434,password-434,first-name-434 last-name-434,709330634,03,2012
user-435,password-435,first-name-435 last-name-435,454380782,03,2012
user-436,password-436,first-name-436 last-name-436,1734904400,03,2012
user-437,password-437,first-name-437 last-name-437,1821526548,03,2012
user-438,password-438,first-name-438 last-name-438,1175331540,03,2012
user-439,password-439,first-name-439 last-name-439,1971665152,03,2012
user-440,password-440,first-name-440 last-name-440,689219441,03,2012
user-441,password-441,first-name-441 last-name-441,399095008,03,2012
user-442,password-442,first-name-442 last-name-442,607333664,03,2012
user-443,password-443,first-name-443 last-name-443,78959003,03,2012
user-444,password-444,first-name-444 last-name-444,1397896300,03,2012
user-445,password-445,first-name-445 last-name-445,36203794,03,2012
user-446,password-446,first-name-446 last-name-446,659082292,03,2012
user-447,password-447,first-name-447 last-name-447,419252101,03,2012
user-448,password-448,first-name-448 last-name-448,2066715600,03,2012
user-449,password-449,first-name-449 last-name-449,646388095,03,2012
user-450,password-450,first-name-450 last-name-450,1050664100,03,2012
user-451,password-451,first-name-451 last-name-451,1683260243,03,2012
user-452,password-452,first-name-452 last-name-452,956791291,03,2012
user-453,password-453,first-name-453 last-name-453,1916031146,03,2012
user-454,password-454,first-name-454 last-name-454,704872773,03,2012
user-455,password-455,first-name-455 last-name-455,415749148,03,2012
user-456,password-456,first-name-456 last-name-456,183140930,03,2012
user-457,password-457,first-name-457 last-name-457,805014119,03,2012
user-458,password-458,first-name-458 last-name-458,772842406,03,2012
user-459,password-459,first-name-459 last-name-459,84668822,03,2012
user-460,password-460,first-name-460 last-name-460,111621978,03,2012
user-461,password-461,first-name-461 last-name-461,1978718629,03,2012
user-462,password-462,first-name-462 last-name-462,607045406,03,2012
user-463,password-463,first-name-463 last-name-463,796586756,03,2012
user-464,password-464,first-name-464 last-name-464,1237139305,03,2012
user-465,password-465,first-name-465 last-name-465,1840512228,03,2012
user-466,password-466,first-name-466 last-name-466,1993780010,03,2012
user-467,password-467,first-name-467 last-name-467,1593316240,03,2012
user-468,password-468,first-name-468 last-name-468,1114645138,03,2012
user-469,password-469,first-name-469 last-name-469,462525236,03,2012
user-470,password-470,first-name-470 last-name-470,31307139,03,2012
user-471,password-471,first-name-471 last-name-471,1275073768,03,2012
user-472,password-472,first-name-472 last-name-472,1373149466,03,2012
user-473,password-473,first-name-473 last-name-473,573740366,03,2012
user-474,password-474,first-name-474 last-name-474,31126244,03,2012
user-475,password-475,first-name-475 last-name-475,1719207892,03,2012
user-476,password-476,first-name-476 last-name-476,1123499657,03,2012
user-477,password-477,first-name-477 last-name-477,1276168427,03,2012
user-478,password-478,first-name-478 last-name-478,1006052163,03,2012
user-479,password-479,first-name-479 last-name-479,187506324,03,2012
user-480,password-480,first-name-480 last-name-480,141360177,03,2012
user-481,password-481,first-name-481 last-name-481,1089566010,03,2012
user-482,password-482,first-name-482 last-name-482,895560329,03,2012
user-483,password-483,first-name-483 last-name-483,1701595804,03,2012
user-484,password-484,first-name-484 last-name-484,1661515445,03,2012
user-485,password-485,first-name-485 last-name-485,515274492,03,2012
user-486,password-486,first-name-486 last-name-486,1548058302,03,2012
user-487,password-487,first-name-487 last-name-487,919476125,03,2012
user-488,password-488,first-name-488 last-name-488,701682624,03,2012
user-489,password-489,first-name-489 last-name-489,1222196282,03,2012
user-490,password-490,first-name-490 last-name-490,2127490084,03,2012
user-491,password-491,first-name-491 last-name-491,438157486,03,2012
user-492,password-492,first-name-492 last-name-492,1811829694,03,2012
user-493,password-493,first-name-493 last-name-493,1539062825,03,2012
user-494,password-494,first-name-494 last-name-494,449212972,03,2012
user-495,password-495,first-name-495 last-name-495,1954308919,03,2012
user-496,password-496,first-name-496 last-name-496,1519681829,03,2012
user-497,password-497,first-name-497 last-name-497,1709764236,03,2012
user-498,password-498,first-name-498 last-name-498,162229566,03,2012
user-499,password-499,first-name-499 last-name-499,325806602,03,2012
user-500,password-500,first-name-500 last-name-500,614929474,03,2012
user-501,password-501,first-name-501 last-name-501,2116400993,03,2012
user-502,password-502,first-name-502 last-name-502,81642981,03,2012
user-503,password-503,first-name-503 last-name-503,2140838198,03,2012
user-504,password-504,first-name-504 last-name-504,529327173,03,2012
user-505,password-505,first-name-505 last-name-505,2066475175,03,2012
user-506,password-506,first-name-506 last-name-506,1816651810,03,2012
user-507,password-507,first-name-507 last-name-507,205740292,03,2012
user-508,password-508,first-name-508 last-name-508,583596274,03,2012
user-509,password-509,first-name-509 last-name-509,1455191411,03,2012
user-510,password-510,first-name-510 last-name-510,912604170,03,2012
user-511,password-511,first-name-511 last-name-511,208171136,03,2012
user-512,password-512,first-name-512 last-name-512,29854041,03,2012
user-513,password-513,first-name-513 last-name-513,1338312999,03,2012
user-514,password-514,first-name-514 last-name-514,637017622,03,2012
user-515,password-515,first-name-515 last-name-515,1046429229,03,2012
user-516,password-516,first-name-516 last-name-516,1068997441,03,2012
user-517,password-517,first-name-517 last-name-517,1805694886,03,2012
user-518,password-518,first-name-518 last-name-518,572624295,03,2012
user-519,password-519,first-name-519 last-name-519,1333604760,03,2012
user-520,password-520,first-name-520 last-name-520,349787987,03,2012
user-521,password-521,first-name-521 last-name-521,2030040986,03,2012
user-522,password-522,first-name-522 last-name-522,966947244,03,2012
user-523,password-523,first-name-523 last-name-523,656816284,03,2012
user-524,password-524,first-name-524 last-name-524,357206453,03,2012
user-525,password-525,first-name-525 last-name-525,202933419,03,2012
user-526,password-526,first-name-526 last-name-526,503478093,03,2012
user-527,password-527,first-name-527 last-name-527,462418475,03,2012
user-528,password-528,first-name-528 last-name-528,1883072906,03,2012
user-529,password-529,first-name-529 last-name-529,598645357,03,2012
user-530,password-530,first-name-530 last-name-530,1773528827,03,2012
user-531,password-531,first-name-531 last-name-531,1621537257,03,2012
user-532,password-532,first-name-532 last-name-532,1432939756,03,2012
user-533,password-533,first-name-533 last-name-533,959707877,03,2012
user-534,password-534,first-name-534 last-name-534,1184752243,03,2012
user-535,password-535,first-name-535 last-name-535,1592476556,03,2012
user-536,password-536,first-name-536 last-name-536,950645107,03,2012
user-537,password-537,first-name-537 last-name-537,1509021147,03,2012
user-538,password-538,first-name-538 last-name-538,1585515219,03,2012
user-539,password-539,first-name-539 last-name-539,1198593166,03,2012
user-540,password-540,first-name-540 last-name-540,1229435714,03,2012
user-541,password-541,first-name-541 last-name-541,1209533010,03,2012
user-542,password-542,first-name-542 last-name-542,1783916378,03,2012
user-543,password-543,first-name-543 last-name-543,1252513241,03,2012
user-544,password-544,first-name-544 last-name-544,569253407,03,2012
user-545,password-545,first-name-545 last-name-545,284245984,03,2012
user-546,password-546,first-name-546 last-name-546,1612123566,03,2012
user-547,password-547,first-name-547 last-name-547,1418261603,03,2012
user-548,password-548,first-name-548 last-name-548,1455286677,03,2012
user-549,password-549,first-name-549 last-name-549,624558055,03,2012
user-550,password-550,first-name-550 last-name-550,76008055,03,2012
user-551,password-551,first-name-551 last-name-551,1429848226,03,2012
user-552,password-552,first-name-552 last-name-552,1602707634,03,2012
user-553,password-553,first-name-553 last-name-553,424092940,03,2012
user-554,password-554,first-name-554 last-name-554,2137573445,03,2012
user-555,password-555,first-name-555 last-name-555,1344316940,03,2012
user-556,password-556,first-name-556 last-name-556,802433283,03,2012
user-557,password-557,first-name-557 last-name-557,189404799,03,2012
user-558,password-558,first-name-558 last-name-558,1075272952,03,2012
user-559,password-559,first-name-559 last-name-559,433753105,03,2012
user-560,password-560,first-name-560 last-name-560,462500671,03,2012
user-561,password-561,first-name-561 last-name-561,454091229,03,2012
user-562,password-562,first-name-562 last-name-562,1889514756,03,2012
user-563,password-563,first-name-563 last-name-563,229770064,03,2012
user-564,password-564,first-name-564 last-name-564,1439137236,03,2012
user-565,password-565,first-name-565 last-name-565,581643511,03,2012
user-566,password-566,first-name-566 last-name-566,1387148708,03,2012
user-567,password-567,first-name-567 last-name-567,1100495336,03,2012
user-568,password-568,first-name-568 last-name-568,860638409,03,2012
user-569,password-569,first-name-569 last-name-569,273827924,03,2012
user-570,password-570,first-name-570 last-name-570,1317292819,03,2012
user-571,password-571,first-name-571 last-name-571,403810038,03,2012
user-572,password-572,first-name-572 last-name-572,670847889,03,2012
user-573,password-573,first-name-573 last-name-573,1176040240,03,2012
user-574,password-574,first-name-574 last-name-574,645674914,03,2012
user-575,password-575,first-name-575 last-name-575,1378624655,03,2012
user-576,password-576,first-name-576 last-name-576,1587982337,03,2012
user-577,password-577,first-name-577 last-name-577,993688578,03,2012
user-578,password-578,first-name-578 last-name-578,1071253062,03,2012
user-579,password-579,first-name-579 last-name-579,182711163,03,2012
user-580,password-580,first-name-580 last-name-580,552146433,03,2012
user-581,password-581,first-name-581 last-name-581,1298272544,03,2012
user-582,password-582,first-name-582 last-name-582,775426649,03,2012
user-583,password-583,first-name-583 last-name-583,1142569578,03,2012
user-584,password-584,first-name-584 last-name-584,14769769,03,2012
user-585,password-585,first-name-585 last-name-585,474808509,03,2012
user-586,password-586,first-name-586 last-name-586,1966987272,03,2012
user-587,password-587,first-name-587 last-name-587,522027974,03,2012
user-588,password-588,first-name-588 last-name-588,1249058975,03,2012
user-589,password-589,first-name-589 last-name-589,552162043,03,2012
user-590,password-590,first-name-590 last-name-590,1287150107,03,2012
user-591,password-591,first-name-591 last-name-591,1380028060,03,2012
user-592,password-592,first-name-592 last-name-592,468544576,03,2012
user-593,password-593,first-name-593 last-name-593,2019362914,03,2012
user-594,password-594,first-name-594 last-name-594,70474159,03,2012
user-595,password-595,first-name-595 last-name-595,713521485,03,2012
user-596,password-596,first-name-596 last-name-596,1921371602,03,2012
user-597,password-597,first-name-597 last-name-597,1576473644,03,2012
user-598,password-598,first-name-598 last-name-598,1055029775,03,2012
user-599,password-599,first-name-599 last-name-599,1818190507,03,2012
user-600,password-600,first-name-600 last-name-600,484102747,03,2012
user-601,password-601,first-name-601 last-name-601,1897787298,03,2012
user-602,password-602,first-name-602 last-name-602,562455445,03,2012
user-603,password-603,first-name-603 last-name-603,1758621967,03,2012
user-604,password-604,first-name-604 last-name-604,1621385252,03,2012
user-605,password-605,first-name-605 last-name-605,306692021,03,2012
user-606,password-606,first-name-606 last-name-606,363660412,03,2012
user-607,password-607,first-name-607 last-name-607,1434376121,03,2012
user-608,password-608,first-name-608 last-name-608,1173658092,03,2012
user-609,password-609,first-name-609 last-name-609,1450046825,03,2012
user-610,password-610,first-name-610 last-name-610,1064688889,03,2012
user-611,password-611,first-name-611 last-name-611,1600436612,03,2012
user-612,password-612,first-name-612 last-name-612,978022857,03,2012
user-613,password-613,first-name-613 last-name-613,1947720025,03,2012
user-614,password-614,first-name-614 last-name-614,831474607,03,2012
user-615,password-615,first-name-615 last-name-615,248371159,03,2012
user-616,password-616,first-name-616 last-name-616,1945931975,03,2012
user-617,password-617,first-name-617 last-name-617,1319441047,03,2012
user-618,password-618,first-name-618 last-name-618,1707905844,03,2012
user-619,password-619,first-name-619 last-name-619,365616061,03,2012
user-620,password-620,first-name-620 last-name-620,1115409879,03,2012
user-621,password-621,first-name-621 last-name-621,1585782158,03,2012
user-622,password-622,first-name-622 last-name-622,168225683,03,2012
user-623,password-623,first-name-623 last-name-623,244460471,03,2012
user-624,password-624,first-name-624 last-name-624,1160984874,03,2012
user-625,password-625,first-name-625 last-name-625,596031366,03,2012
user-626,password-626,first-name-626 last-name-626,1303681573,03,2012
user-627,password-627,first-name-627 last-name-627,246199387,03,2012
user-628,password-628,first-name-628 last-name-628,1858938446,03,2012
user-629,password-629,first-name-629 last-name-629,151810524,03,2012
user-630,password-630,first-name-630 last-name-630,973654576,03,2012
user-631,password-631,first-name-631 last-name-631,1532687316,03,2012
user-632,password-632,first-name-632 last-name-632,295369638,03,2012
user-633,password-633,first-name-633 last-name-633,765264745,03,2012
user-634,password-634,first-name-634 last-name-634,1214698307,03,2012
user-635,password-635,first-name-635 last-name-635,1587162314,03,2012
user-636,password-636,first-name-636 last-name-636,1228374319,03,2012
user-637,password-637,first-name-637 last-name-637,843699080,03,2012
user-638,password-638,first-name-638 last-name-638,1446488788,03,2012
user-639,password-639,first-name-639 last-name-639,1903020176,03,2012
user-640,password-640,first-name-640 last-name-640,1794245088,03,2012
user-641,password-641,first-name-641 last-name-641,1046161979,03,2012
user-642,password-642,first-name-642 last-name-642,1639113356,03,2012
user-643,password-643,first-name-643 last-name-643,68392165,03,2012
user-644,password-644,first-name-644 last-name-644,1320944629,03,2012
user-645,password-645,first-name-645 last-name-645,22284246,03,2012
user-646,password-646,first-name-646 last-name-646,266786053,03,2012
user-647,password-647,first-name-647 last-name-647,1859806673,03,2012
user-648,password-648,first-name-648 last-name-648,1136321841,03,2012
user-649,password-649,first-name-649 last-name-649,887027036,03,2012
user-650,password-650,first-name-650 last-name-650,1823992118,03,2012
user-651,password-651,first-name-651 last-name-651,435351250,03,2012
user-652,password-652,first-name-652 last-name-652,608805533,03,2012
user-653,password-653,first-name-653 last-name-653,1896453492,03,2012
user-654,password-654,first-name-654 last-name-654,1143170856,03,2012
user-655,password-655,first-name-655 last-name-655,161399568,03,2012
user-656,password-656,first-name-656 last-name-656,524061770,03,2012
user-657,password-657,first-name-657 last-name-657,1441843567,03,2012
user-658,password-658,first-name-658 last-name-658,546080102,03,2012
user-659,password-659,first-name-659 last-name-659,1774403087,03,2012
user-660,password-660,first-name-660 last-name-660,1340243944,03,2012
user-661,password-661,first-name-661 last-name-661,908881057,03,2012
user-662,password-662,first-name-662 last-name-662,1472283580,03,2012
user-663,password-663,first-name-663 last-name-663,249042556,03,2012
user-664,password-664,first-name-664 last-name-664,2062671904,03,2012
user-665,password-665,first-name-665 last-name-665,2143136097,03,2012
user-666,password-666,first-name-666 last-name-666,1942501523,03,2012
user-667,password-667,first-name-667 last-name-667,1898455575,03,2012
user-668,password-668,first-name-668 last-name-668,1799520618,03,2012
user-669,password-669,first-name-669 last-name-669,627805778,03,2012
user-670,password-670,first-name-670 last-name-670,444592155,03,2012
user-671,password-671,first-name-671 last-name-671,866748468,03,2012
user-672,password-672,first-name-672 last-name-672,779794925,03,2012
user-673,password-673,first-name-673 last-name-673,1198771361,03,2012
user-674,password-674,first-name-674 last-name-674,1673040574,03,2012
user-675,password-675,first-name-675 last-name-675,74962938,03,2012
user-676,password-676,first-name-676 last-name-676,1003730161,03,2012
user-677,password-677,first-name-677 last-name-677,1441003517,03,2012
user-678,password-678,first-name-678 last-name-678,1597052451,03,2012
user-679,password-679,first-name-679 last-name-679,393626944,03,2012
user-680,password-680,first-name-680 last-name-680,523505261,03,2012
user-681,password-681,first-name-681 last-name-681,1226581533,03,2012
user-682,password-682,first-name-682 last-name-682,558609927,03,2012
user-683,password-683,first-name-683 last-name-683,1120496348,03,2012
user-684,password-684,first-name-684 last-name-684,136857605,03,2012
user-685,password-685,first-name-685 last-name-685,748651761,03,2012
user-686,password-686,first-name-686 last-name-686,1417411229,03,2012
user-687,password-687,first-name-687 last-name-687,1592146681,03,2012
user-688,password-688,first-name-688 last-name-688,1784817634,03,2012
user-689,password-689,first-name-689 last-name-689,276734256,03,2012
user-690,password-690,first-name-690 last-name-690,192723067,03,2012
user-691,password-691,first-name-691 last-name-691,1436626999,03,2012
user-692,password-692,first-name-692 last-name-692,1236167959,03,2012
user-693,password-693,first-name-693 last-name-693,1792954893,03,2012
user-694,password-694,first-name-694 last-name-694,1828342315,03,2012
user-695,password-695,first-name-695 last-name-695,1339662405,03,2012
user-696,password-696,first-name-696 last-name-696,507392977,03,2012
user-697,password-697,first-name-697 last-name-697,1336216794,03,2012
user-698,password-698,first-name-698 last-name-698,1481065186,03,2012
user-699,password-699,first-name-699 last-name-699,422171575,03,2012
user-700,password-700,first-name-700 last-name-700,219814003,03,2012
user-701,password-701,first-name-701 last-name-701,657081275,03,2012
user-702,password-702,first-name-702 last-name-702,208578080,03,2012
user-703,password-703,first-name-703 last-name-703,1142929636,03,2012
user-704,password-704,first-name-704 last-name-704,695574717,03,2012
user-705,password-705,first-name-705 last-name-705,1609941698,03,2012
user-706,password-706,first-name-706 last-name-706,2042309600,03,2012
user-707,password-707,first-name-707 last-name-707,685545137,03,2012
user-708,password-708,first-name-708 last-name-708,829507298,03,2012
user-709,password-709,first-name-709 last-name-709,1797585272,03,2012
user-710,password-710,first-name-710 last-name-710,1322764415,03,2012
user-711,password-711,first-name-711 last-name-711,1566731021,03,2012
user-712,password-712,first-name-712 last-name-712,1853408069,03,2012
user-713,password-713,first-name-713 last-name-713,1862386428,03,2012
user-714,password-714,first-name-714 last-name-714,42545566,03,2012
user-715,password-715,first-name-715 last-name-715,1874136120,03,2012
user-716,password-716,first-name-716 last-name-716,395280983,03,2012
user-717,password-717,first-name-717 last-name-717,2014297928,03,2012
user-718,password-718,first-name-718 last-name-718,1569263445,03,2012
user-719,password-719,first-name-719 last-name-719,1968910406,03,2012
user-720,password-720,first-name-720 last-name-720,181625192,03,2012
user-721,password-721,first-name-721 last-name-721,260865698,03,2012
user-722,password-722,first-name-722 last-name-722,826149780,03,2012
user-723,password-723,first-name-723 last-name-723,619834172,03,2012
user-724,password-724,first-name-724 last-name-724,577774697,03,2012
user-725,password-725,first-name-725 last-name-725,186520383,03,2012
user-726,password-726,first-name-726 last-name-726,795377771,03,2012
user-727,password-727,first-name-727 last-name-727,1061015721,03,2012
user-728,password-728,first-name-728 last-name-728,1031221313,03,2012
user-729,password-729,first-name-729 last-name-729,937200090,03,2012
user-730,password-730,first-name-730 last-name-730,1253338009,03,2012
user-731,password-731,first-name-731 last-name-731,1651502181,03,2012
user-732,password-732,first-name-732 last-name-732,1889274288,03,2012
user-733,password-733,first-name-733 last-name-733,21087381,03,2012
user-734,password-734,first-name-734 last-name-734,61037229,03,2012
user-735,password-735,first-name-735 last-name-735,235669201,03,2012
user-736,password-736,first-name-736 last-name-736,1400125418,03,2012
user-737,password-737,first-name-737 last-name-737,236267208,03,2012
user-738,password-738,first-name-738 last-name-738,1595671583,03,2012
user-739,password-739,first-name-739 last-name-739,1706450135,03,2012
user-740,password-740,first-name-740 last-name-740,618161278,03,2012
user-741,password-741,first-name-741 last-name-741,1803972284,03,2012
user-742,password-742,first-name-742 last-name-742,651951510,03,2012
user-743,password-743,first-name-743 last-name-743,742105057,03,2012
user-744,password-744,first-name-744 last-name-744,144392576,03,2012
user-745,password-745,first-name-745 last-name-745,2054154135,03,2012
user-746,password-746,first-name-746 last-name-746,1459294221,03,2012
user-747,password-747,first-name-747 last-name-747,363051262,03,2012
user-748,password-748,first-name-748 last-name-748,2056658223,03,2012
user-749,password-749,first-name-749 last-name-749,280978630,03,2012
user-750,password-750,first-name-750 last-name-750,1675872728,03,2012
user-751,password-751,first-name-751 last-name-751,1560037095,03,2012
user-752,password-752,first-name-752 last-name-752,835552419,03,2012
user-753,password-753,first-name-753 last-name-753,41194085,03,2012
user-754,password-754,first-name-754 last-name-754,209067584,03,2012
user-755,password-755,first-name-755 last-name-755,870392709,03,2012
user-756,password-756,first-name-756 last-name-756,936469957,03,2012
user-757,password-757,first-name-757 last-name-757,1620691020,03,2012
user-758,password-758,first-name-758 last-name-758,226670195,03,2012
user-759,password-759,first-name-759 last-name-759,191157853,03,2012
user-760,password-760,first-name-760 last-name-760,2040074745,03,2012
user-761,password-761,first-name-761 last-name-761,1166659383,03,2012
user-762,password-762,first-name-762 last-name-762,1455473547,03,2012
user-763,password-763,first-name-763 last-name-763,842959107,03,2012
user-764,password-764,first-name-764 last-name-764,1297175445,03,2012
user-765,password-765,first-name-765 last-name-765,1537519882,03,2012
user-766,password-766,first-name-766 last-name-766,897665287,03,2012
user-767,password-767,first-name-767 last-name-767,865510997,03,2012
user-768,password-768,first-name-768 last-name-768,150990422,03,2012
user-769,password-769,first-name-769 last-name-769,886683943,03,2012
user-770,password-770,first-name-770 last-name-770,47171126,03,2012
user-771,password-771,first-name-771 last-name-771,1029934085,03,2012
user-772,password-772,first-name-772 last-name-772,1324667016,03,2012
user-773,password-773,first-name-773 last-name-773,811321352,03,2012
user-774,password-774,first-name-774 last-name-774,934267098,03,2012
user-775,password-775,first-name-775 last-name-775,1577075039,03,2012
user-776,password-776,first-name-776 last-name-776,1399897829,03,2012
user-777,password-777,first-name-777 last-name-777,1325919860,03,2012
user-778,password-778,first-name-778 last-name-778,1069867263,03,2012
user-779,password-779,first-name-779 last-name-779,485245466,03,2012
user-780,password-780,first-name-780 last-name-780,1589290299,03,2012
user-781,password-781,first-name-781 last-name-781,597003887,03,2012
user-782,password-782,first-name-782 last-name-782,780520788,03,2012
user-783,password-783,first-name-783 last-name-783,1801898240,03,2012
user-784,password-784,first-name-784 last-name-784,1900503386,03,2012
user-785,password-785,first-name-785 last-name-785,111720971,03,2012
user-786,password-786,first-name-786 last-name-786,772653312,03,2012
user-787,password-787,first-name-787 last-name-787,1926553978,03,2012
user-788,password-788,first-name-788 last-name-788,1829557022,03,2012
user-789,password-789,first-name-789 last-name-789,1910247796,03,2012
user-790,password-790,first-name-790 last-name-790,250061508,03,2012
user-791,password-791,first-name-791 last-name-791,1993755120,03,2012
user-792,password-792,first-name-792 last-name-792,778688959,03,2012
user-793,password-793,first-name-793 last-name-793,1481299914,03,2012
user-794,password-794,first-name-794 last-name-794,825108655,03,2012
user-795,password-795,first-name-795 last-name-795,718951610,03,2012
user-796,password-796,first-name-796 last-name-796,1342847850,03,2012
user-797,password-797,first-name-797 last-name-797,1059705920,03,2012
user-798,password-798,first-name-798 last-name-798,676093816,03,2012
user-799,password-799,first-name-799 last-name-799,31746679,03,2012
user-800,password-800,first-name-800 last-name-800,451396020,03,2012
user-801,password-801,first-name-801 last-name-801,1002939678,03,2012
user-802,password-802,first-name-802 last-name-802,1142079325,03,2012
user-803,password-803,first-name-803 last-name-803,181088722,03,2012
user-804,password-804,first-name-804 last-name-804,797982635,03,2012
user-805,password-805,first-name-805 last-name-805,159442322,03,2012
user-806,password-806,first-name-806 last-name-806,816278074,03,2012
user-807,password-807,first-name-807 last-name-807,915586995,03,2012
user-808,password-808,first-name-808 last-name-808,1232828610,03,2012
user-809,password-809,first-name-809 last-name-809,1145523596,03,2012
user-810,password-810,first-name-810 last-name-810,1004646215,03,2012
user-811,password-811,first-name-811 last-name-811,1617484265,03,2012
user-812,password-812,first-name-812 last-name-812,571411661,03,2012
user-813,password-813,first-name-813 last-name-813,1712979313,03,2012
user-814,password-814,first-name-814 last-name-814,707709348,03,2012
user-815,password-815,first-name-815 last-name-815,1991711401,03,2012
user-816,password-816,first-name-816 last-name-816,888976553,03,2012
user-817,password-817,first-name-817 last-name-817,7558265,03,2012
user-818,password-818,first-name-818 last-name-818,2049999796,03,2012
user-819,password-819,first-name-819 last-name-819,702054013,03,2012
user-820,password-820,first-name-820 last-name-820,1703497350,03,2012
user-821,password-821,first-name-821 last-name-821,202411863,03,2012
user-822,password-822,first-name-822 last-name-822,614825577,03,2012
user-823,password-823,first-name-823 last-name-823,2056818566,03,2012
user-824,password-824,first-name-824 last-name-824,1679324068,03,2012
user-825,password-825,first-name-825 last-name-825,541846124,03,2012
user-826,password-826,first-name-826 last-name-826,1134351613,03,2012
user-827,password-827,first-name-827 last-name-827,1171206621,03,2012
user-828,password-828,first-name-828 last-name-828,959755657,03,2012
user-829,password-829,first-name-829 last-name-829,218969932,03,2012
user-830,password-830,first-name-830 last-name-830,608025736,03,2012
user-831,password-831,first-name-831 last-name-831,2080541316,03,2012
user-832,password-832,first-name-832 last-name-832,190550934,03,2012
user-833,password-833,first-name-833 last-name-833,989071425,03,2012
user-834,password-834,first-name-834 last-name-834,1385860979,03,2012
user-835,password-835,first-name-835 last-name-835,790824920,03,2012
user-836,password-836,first-name-836 last-name-836,230194853,03,2012
user-837,password-837,first-name-837 last-name-837,1973057820,03,2012
user-838,password-838,first-name-838 last-name-838,1121647826,03,2012
user-839,password-839,first-name-839 last-name-839,1793794054,03,2012
user-840,password-840,first-name-840 last-name-840,2033656238,03,2012
user-841,password-841,first-name-841 last-name-841,298983314,03,2012
user-842,password-842,first-name-842 last-name-842,1936464102,03,2012
user-843,password-843,first-name-843 last-name-843,1819850862,03,2012
user-844,password-844,first-name-844 last-name-844,346055729,03,2012
user-845,password-845,first-name-845 last-name-845,2005357890,03,2012
user-846,password-846,first-name-846 last-name-846,256288110,03,2012
user-847,password-847,first-name-847 last-name-847,514455548,03,2012
user-848,password-848,first-name-848 last-name-848,1331619231,03,2012
user-849,password-849,first-name-849 last-name-849,1226895831,03,2012
user-850,password-850,first-name-850 last-name-850,1764638051,03,2012
user-851,password-851,first-name-851 last-name-851,719434761,03,2012
user-852,password-852,first-name-852 last-name-852,1665886019,03,2012
user-853,password-853,first-name-853 last-name-853,602619909,03,2012
user-854,password-854,first-name-854 last-name-854,1575338097,03,2012
user-855,password-855,first-name-855 last-name-855,1238500590,03,2012
user-856,password-856,first-name-856 last-name-856,379204249,03,2012
user-857,password-857,first-name-857 last-name-857,547513868,03,2012
user-858,password-858,first-name-858 last-name-858,1494655378,03,2012
user-859,password-859,first-name-859 last-name-859,175464490,03,2012
user-860,password-860,first-name-860 last-name-860,1144999429,03,2012
user-861,password-861,first-name-861 last-name-861,210216463,03,2012
user-862,password-862,first-name-862 last-name-862,1737989441,03,2012
user-863,password-863,first-name-863 last-name-863,1587546956,03,2012
user-864,password-864,first-name-864 last-name-864,1236233041,03,2012
user-865,password-865,first-name-865 last-name-865,22796060,03,2012
user-866,password-866,first-name-866 last-name-866,691287741,03,2012
user-867,password-867,first-name-867 last-name-867,1699384403,03,2012
user-868,password-868,first-name-868 last-name-868,2004787412,03,2012
user-869,password-869,first-name-869 last-name-869,1043482811,03,2012
user-870,password-870,first-name-870 last-name-870,1668730252,03,2012
user-871,password-871,first-name-871 last-name-871,1279605565,03,2012
user-872,password-872,first-name-872 last-name-872,1165594345,03,2012
user-873,password-873,first-name-873 last-name-873,949849798,03,2012
user-874,password-874,first-name-874 last-name-874,1766610919,03,2012
user-875,password-875,first-name-875 last-name-875,1046816547,03,2012
user-876,password-876,first-name-876 last-name-876,278007866,03,2012
user-877,password-877,first-name-877 last-name-877,2086066224,03,2012
user-878,password-878,first-name-878 last-name-878,44878741,03,2012
user-879,password-879,first-name-879 last-name-879,1987756303,03,2012
user-880,password-880,first-name-880 last-name-880,1957702208,03,2012
user-881,password-881,first-name-881 last-name-881,527346099,03,2012
user-882,password-882,first-name-882 last-name-882,541974805,03,2012
user-883,password-883,first-name-883 last-name-883,797672077,03,2012
user-884,password-884,first-name-884 last-name-884,2139292169,03,2012
user-885,password-885,first-name-885 last-name-885,2133664239,03,2012
user-886,password-886,first-name-886 last-name-886,1501469236,03,2012
user-887,password-887,first-name-887 last-name-887,1473902895,03,2012
user-888,password-888,first-name-888 last-name-888,924460740,03,2012
user-889,password-889,first-name-889 last-name-889,1829422394,03,2012
user-890,password-890,first-name-890 last-name-890,1534413063,03,2012
user-891,password-891,first-name-891 last-name-891,579969131,03,2012
user-892,password-892,first-name-892 last-name-892,467052710,03,2012
user-893,password-893,first-name-893 last-name-893,35817479,03,2012
user-894,password-894,first-name-894 last-name-894,1585760093,03,2012
user-895,password-895,first-name-895 last-name-895,1623360464,03,2012
user-896,password-896,first-name-896 last-name-896,1272030022,03,2012
user-897,password-897,first-name-897 last-name-897,2113317195,03,2012
user-898,password-898,first-name-898 last-name-898,284510950,03,2012
user-899,password-899,first-name-899 last-name-899,816285418,03,2012
user-900,password-900,first-name-900 last-name-900,1398673671,03,2012
user-901,password-901,first-name-901 last-name-901,979526131,03,2012
user-902,password-902,first-name-902 last-name-902,1090451673,03,2012
user-903,password-903,first-name-903 last-name-903,1434680898,03,2012
user-904,password-904,first-name-904 last-name-904,1219979211,03,2012
user-905,password-905,first-name-905 last-name-905,288795056,03,2012
user-906,password-906,first-name-906 last-name-906,469037998,03,2012
user-907,password-907,first-name-907 last-name-907,522358431,03,2012
user-908,password-908,first-name-908 last-name-908,2100167726,03,2012
user-909,password-909,first-name-909 last-name-909,909913856,03,2012
user-910,password-910,first-name-910 last-name-910,1144226854,03,2012
user-911,password-911,first-name-911 last-name-911,801985531,03,2012
user-912,password-912,first-name-912 last-name-912,1396614468,03,2012
user-913,password-913,first-name-913 last-name-913,1524726274,03,2012
user-914,password-914,first-name-914 last-name-914,733546451,03,2012
user-915,password-915,first-name-915 last-name-915,680315350,03,2012
user-916,password-916,first-name-916 last-name-916,771661492,03,2012
user-917,password-917,first-name-917 last-name-917,1223877227,03,2012
user-918,password-918,first-name-918 last-name-918,982207731,03,2012
user-919,password-919,first-name-919 last-name-919,165158095,03,2012
user-920,password-920,first-name-920 last-name-920,2057531121,03,2012
user-921,password-921,first-name-921 last-name-921,38889706,03,2012
user-922,password-922,first-name-922 last-name-922,1055927447,03,2012
user-923,password-923,first-name-923 last-name-923,995545721,03,2012
user-924,password-924,first-name-924 last-name-924,1328104513,03,2012
user-925,password-925,first-name-925 last-name-925,1293926886,03,2012
user-926,password-926,first-name-926 last-name-926,428017855,03,2012
user-927,password-927,first-name-927 last-name-927,2060629265,03,2012
user-928,password-928,first-name-928 last-name-928,1813340869,03,2012
user-929,password-929,first-name-929 last-name-929,1767451815,03,2012
user-930,password-930,first-name-930 last-name-930,591839743,03,2012
user-931,password-931,first-name-931 last-name-931,2051080410,03,2012
user-932,password-932,first-name-932 last-name-932,314734533,03,2012
user-933,password-933,first-name-933 last-name-933,1297608340,03,2012
user-934,password-934,first-name-934 last-name-934,550901920,03,2012
user-935,password-935,first-name-935 last-name-935,101247483,03,2012
user-936,password-936,first-name-936 last-name-936,967164992,03,2012
user-937,password-937,first-name-937 last-name-937,923146920,03,2012
user-938,password-938,first-name-938 last-name-938,308902446,03,2012
user-939,password-939,first-name-939 last-name-939,1210515173,03,2012
user-940,password-940,first-name-940 last-name-940,929134423,03,2012
user-941,password-941,first-name-941 last-name-941,153519781,03,2012
user-942,password-942,first-name-942 last-name-942,2027489212,03,2012
user-943,password-943,first-name-943 last-name-943,667318999,03,2012
user-944,password-944,first-name-944 last-name-944,75042717,03,2012
user-945,password-945,first-name-945 last-name-945,350910177,03,2012
user-946,password-946,first-name-946 last-name-946,1757572773,03,2012
user-947,password-947,first-name-947 last-name-947,88967829,03,2012
user-948,password-948,first-name-948 last-name-948,762922757,03,2012
user-949,password-949,first-name-949 last-name-949,1655880403,03,2012
user-950,password-950,first-name-950 last-name-950,2113859677,03,2012
user-951,password-951,first-name-951 last-name-951,1409233443,03,2012
user-952,password-952,first-name-952 last-name-952,705720024,03,2012
user-953,password-953,first-name-953 last-name-953,747275873,03,2012
user-954,password-954,first-name-954 last-name-954,1088383295,03,2012
user-955,password-955,first-name-955 last-name-955,312974183,03,2012
user-956,password-956,first-name-956 last-name-956,1450109827,03,2012
user-957,password-957,first-name-957 last-name-957,1141052391,03,2012
user-958,password-958,first-name-958 last-name-958,1330871911,03,2012
user-959,password-959,first-name-959 last-name-959,921378671,03,2012
user-960,password-960,first-name-960 last-name-960,908017402,03,2012
user-961,password-961,first-name-961 last-name-961,990127354,03,2012
user-962,password-962,first-name-962 last-name-962,519271167,03,2012
user-963,password-963,first-name-963 last-name-963,2049459706,03,2012
user-964,password-964,first-name-964 last-name-964,1019903814,03,2012
user-965,password-965,first-name-965 last-name-965,2141984717,03,2012
user-966,password-966,first-name-966 last-name-966,718087271,03,2012
user-967,password-967,first-name-967 last-name-967,831722323,03,2012
user-968,password-968,first-name-968 last-name-968,1346182768,03,2012
user-969,password-969,first-name-969 last-name-969,20816123,03,2012
user-970,password-970,first-name-970 last-name-970,394032765,03,2012
user-971,password-971,first-name-971 last-name-971,1702308793,03,2012
user-972,password-972,first-name-972 last-name-972,414115067,03,2012
user-973,password-973,first-name-973 last-name-973,246874391,03,2012
user-974,password-974,first-name-974 last-name-974,1984427472,03,2012
user-975,password-975,first-name-975 last-name-975,1242436676,03,2012
user-976,password-976,first-name-976 last-name-976,27340971,03,2012
user-977,password-977,first-name-977 last-name-977,180544461,03,2012
user-978,password-978,first-name-978 last-name-978,625473170,03,2012
user-979,password-979,first-name-979 last-name-979,1024031516,03,2012
user-980,password-980,first-name-980 last-name-980,465475396,03,2012
user-981,password-981,first-name-981 last-name-981,737308798,03,2012
user-982,password-982,first-name-982 last-name-982,1992399229,03,2012
user-983,password-983,first-name-983 last-name-983,819025946,03,2012
user-984,password-984,first-name-984 last-name-984,350587745,03,2012
user-985,password-985,first-name-985 last-name-985,925084175,03,2012
user-986,password-986,first-name-986 last-name-986,1406300906,03,2012
user-987,password-987,first-name-987 last-name-987,1819823774,03,2012
user-988,password-988,first-name-988 last-name-988,368034085,03,2012
user-989,password-989,first-name-989 last-name-989,2052363872,03,2012
user-990,password-990,first-name-990 last-name-990,1895418438,03,2012
user-991,password-991,first-name-991 last-name-991,1471404191,03,2012
user-992,password-992,first-name-992 last-name-992,987565494,03,2012
user-993,password-993,first-name-993 last-name-993,183436734,03,2012
user-994,password-994,first-name-994 last-name-994,779192093,03,2012
user-995,password-995,first-name-995 last-name-995,775713022,03,2012
user-996,password-996,first-name-996 last-name-996,1305557195,03,2012
user-997,password-997,first-name-997 last-name-997,385046080,03,2012
user-998,password-998,first-name-998 last-name-998,997160886,03,2012
user-999,password-999,first-name-999 last-name-999,1158947631,03,2012
user-1000,password-1000,first-name-1000 last-name-1000,559074301,03,2012
